change_id,entity_type,entity_id,action,row_version,changed_at
,eoat,58,,1,2026-07-14T12:33:21
,machine,57,,1,2026-07-14T12:33:21
,tool,66,,1,2026-07-14T12:33:21
,eoat_machine_compatibility,88,,1,2026-07-14T12:33:22
,installation,1,,1,2026-07-14T12:33:22
,eoat,58,,2,2026-07-14T12:33:22
,installation,1,,2,2026-07-14T12:33:22
,eoat,58,,3,2026-07-14T12:33:22
,audit,103,,1,2026-07-14T12:33:22
,audit,103,,2,2026-07-14T12:33:22
,maintenance,1,,1,2026-07-14T12:33:22
,maintenance,1,,2,2026-07-14T12:33:22
,document,159,,1,2026-07-14T12:33:22
,document,160,,1,2026-07-14T12:33:22
,photo,159,,1,2026-07-14T12:33:22
,photo,159,,2,2026-07-14T12:33:23
,tag,16,,1,2026-07-14T12:33:23
,entity_tag,46,,1,2026-07-14T12:33:23
,annotation,12,,1,2026-07-14T12:33:23
,eoat,58,,4,2026-07-14T12:33:24
