issue_id,severity,issue_code,source_workbook,source_sheet,source_row,source_identifier,affected_entity_type,affected_entity_identifier,field_name,source_value,conflicting_values,related_source_rows,current_proposed_action,allowed_resolution_actions,resolution_status,resolution_value,resolution_reason,resolved_by,resolved_at
be4f52ec-ba12-5979-8216-310285d63c21,WARNING,MISSING_TOOL,C:\Users\kgray\AppData\Local\EOAT Atlas Staging\rehearsals\4f26cee2-7849-48ba-b437-f8a2a5bb485e\frozen_source\01_EOAT_Audit\EOAT_Audit_Database\EOAT_Master_Tracker.xlsx,EOAT Inventory,29,AUD-20260526-004,EOAT,P4-EOAT-0011,Tool #,N/A,[],[],Import the audit and EOAT; defer the tool relationship.,"[""DEFER"", ""SUPPLY_VERIFIED_VALUE"", ""MARK_NOT_APPLICABLE"", ""REJECT_WITH_REASON""]",UNRESOLVED,,,,
7a98bba0-2ceb-5da4-a33b-98e9941b9d53,WARNING,AMBIGUOUS_MACHINE_VALUE,C:\Users\kgray\AppData\Local\EOAT Atlas Staging\rehearsals\4f26cee2-7849-48ba-b437-f8a2a5bb485e\frozen_source\01_EOAT_Audit\EOAT_Audit_Database\EOAT_Master_Tracker.xlsx,EOAT Inventory,37,AUD-20260527-007,Machine,26 - Xqual in 25,Press/Machine #,26 - Xqual in 25,[],[],Preserve the value in traceability; do not create a machine relationship.,"[""DEFER"", ""SUPPLY_VERIFIED_VALUE"", ""MARK_NOT_APPLICABLE"", ""REJECT_WITH_REASON""]",UNRESOLVED,,,,
d688d14e-c1b8-56b9-af4e-6afd5cab6876,WARNING,MISSING_MACHINE,C:\Users\kgray\AppData\Local\EOAT Atlas Staging\rehearsals\4f26cee2-7849-48ba-b437-f8a2a5bb485e\frozen_source\01_EOAT_Audit\EOAT_Audit_Database\EOAT_Master_Tracker.xlsx,EOAT Inventory,54,AUD-20260604-009,EOAT,P4-EOAT-0028,Press/Machine #,N/A,[],[],Import the audit and EOAT; defer the machine relationship.,"[""DEFER"", ""SUPPLY_VERIFIED_VALUE"", ""MARK_NOT_APPLICABLE"", ""REJECT_WITH_REASON""]",UNRESOLVED,,,,
3cc3e4c1-a797-5bf1-b673-c1d4c830754a,WARNING,MISSING_MACHINE,C:\Users\kgray\AppData\Local\EOAT Atlas Staging\rehearsals\4f26cee2-7849-48ba-b437-f8a2a5bb485e\frozen_source\01_EOAT_Audit\EOAT_Audit_Database\EOAT_Master_Tracker.xlsx,EOAT Inventory,55,AUD-20260604-001,EOAT,P4-EOAT-0029,Press/Machine #,N/A,[],[],Import the audit and EOAT; defer the machine relationship.,"[""DEFER"", ""SUPPLY_VERIFIED_VALUE"", ""MARK_NOT_APPLICABLE"", ""REJECT_WITH_REASON""]",UNRESOLVED,,,,
1fdf514c-b806-5789-ae58-7f22ff212557,WARNING,MISSING_MACHINE,C:\Users\kgray\AppData\Local\EOAT Atlas Staging\rehearsals\4f26cee2-7849-48ba-b437-f8a2a5bb485e\frozen_source\01_EOAT_Audit\EOAT_Audit_Database\EOAT_Master_Tracker.xlsx,EOAT Inventory,56,AUD-20260604-002,EOAT,P4-EOAT-0030,Press/Machine #,N/A,[],[],Import the audit and EOAT; defer the machine relationship.,"[""DEFER"", ""SUPPLY_VERIFIED_VALUE"", ""MARK_NOT_APPLICABLE"", ""REJECT_WITH_REASON""]",UNRESOLVED,,,,
997f5046-ee7c-5ced-8c65-40fd177a78c8,WARNING,MISSING_MACHINE,C:\Users\kgray\AppData\Local\EOAT Atlas Staging\rehearsals\4f26cee2-7849-48ba-b437-f8a2a5bb485e\frozen_source\01_EOAT_Audit\EOAT_Audit_Database\EOAT_Master_Tracker.xlsx,EOAT Inventory,57,AUD-20260604-003,EOAT,P4-EOAT-0031,Press/Machine #,N/A,[],[],Import the audit and EOAT; defer the machine relationship.,"[""DEFER"", ""SUPPLY_VERIFIED_VALUE"", ""MARK_NOT_APPLICABLE"", ""REJECT_WITH_REASON""]",UNRESOLVED,,,,
19218589-f500-5254-ae0a-85125af301b5,WARNING,MISSING_MACHINE,C:\Users\kgray\AppData\Local\EOAT Atlas Staging\rehearsals\4f26cee2-7849-48ba-b437-f8a2a5bb485e\frozen_source\01_EOAT_Audit\EOAT_Audit_Database\EOAT_Master_Tracker.xlsx,EOAT Inventory,58,AUD-20260604-004,EOAT,P4-EOAT-0032,Press/Machine #,N/A,[],[],Import the audit and EOAT; defer the machine relationship.,"[""DEFER"", ""SUPPLY_VERIFIED_VALUE"", ""MARK_NOT_APPLICABLE"", ""REJECT_WITH_REASON""]",UNRESOLVED,,,,
d0757c4e-1324-500e-abf6-31eacdd33e5d,WARNING,MISSING_MACHINE,C:\Users\kgray\AppData\Local\EOAT Atlas Staging\rehearsals\4f26cee2-7849-48ba-b437-f8a2a5bb485e\frozen_source\01_EOAT_Audit\EOAT_Audit_Database\EOAT_Master_Tracker.xlsx,EOAT Inventory,59,AUD-20260604-005,EOAT,P4-EOAT-0033,Press/Machine #,N/A,[],[],Import the audit and EOAT; defer the machine relationship.,"[""DEFER"", ""SUPPLY_VERIFIED_VALUE"", ""MARK_NOT_APPLICABLE"", ""REJECT_WITH_REASON""]",UNRESOLVED,,,,
4e67702c-8b92-5bde-a1f3-4f9475d00179,WARNING,MISSING_MACHINE,C:\Users\kgray\AppData\Local\EOAT Atlas Staging\rehearsals\4f26cee2-7849-48ba-b437-f8a2a5bb485e\frozen_source\01_EOAT_Audit\EOAT_Audit_Database\EOAT_Master_Tracker.xlsx,EOAT Inventory,60,AUD-20260604-006,EOAT,P4-EOAT-0034,Press/Machine #,N/A,[],[],Import the audit and EOAT; defer the machine relationship.,"[""DEFER"", ""SUPPLY_VERIFIED_VALUE"", ""MARK_NOT_APPLICABLE"", ""REJECT_WITH_REASON""]",UNRESOLVED,,,,
19bd497d-bed4-5213-b619-6556e7334917,WARNING,MISSING_MACHINE,C:\Users\kgray\AppData\Local\EOAT Atlas Staging\rehearsals\4f26cee2-7849-48ba-b437-f8a2a5bb485e\frozen_source\01_EOAT_Audit\EOAT_Audit_Database\EOAT_Master_Tracker.xlsx,EOAT Inventory,61,AUD-20260604-007,EOAT,P4-EOAT-0035,Press/Machine #,N/A,[],[],Import the audit and EOAT; defer the machine relationship.,"[""DEFER"", ""SUPPLY_VERIFIED_VALUE"", ""MARK_NOT_APPLICABLE"", ""REJECT_WITH_REASON""]",UNRESOLVED,,,,
cc0a8cad-79bd-58b8-8323-4e61c9661a64,WARNING,MISSING_MACHINE,C:\Users\kgray\AppData\Local\EOAT Atlas Staging\rehearsals\4f26cee2-7849-48ba-b437-f8a2a5bb485e\frozen_source\01_EOAT_Audit\EOAT_Audit_Database\EOAT_Master_Tracker.xlsx,EOAT Inventory,62,AUD-20260604-010,EOAT,P4-EOAT-0036,Press/Machine #,N/A,[],[],Import the audit and EOAT; defer the machine relationship.,"[""DEFER"", ""SUPPLY_VERIFIED_VALUE"", ""MARK_NOT_APPLICABLE"", ""REJECT_WITH_REASON""]",UNRESOLVED,,,,
e6b9105b-54c3-5b32-9d81-40a551e6f7c4,WARNING,MISSING_MACHINE,C:\Users\kgray\AppData\Local\EOAT Atlas Staging\rehearsals\4f26cee2-7849-48ba-b437-f8a2a5bb485e\frozen_source\01_EOAT_Audit\EOAT_Audit_Database\EOAT_Master_Tracker.xlsx,EOAT Inventory,63,AUD-20260604-011,EOAT,P4-EOAT-0037,Press/Machine #,N/A,[],[],Import the audit and EOAT; defer the machine relationship.,"[""DEFER"", ""SUPPLY_VERIFIED_VALUE"", ""MARK_NOT_APPLICABLE"", ""REJECT_WITH_REASON""]",UNRESOLVED,,,,
9554e235-7158-5b55-a4d8-329244aff03d,WARNING,MISSING_MACHINE,C:\Users\kgray\AppData\Local\EOAT Atlas Staging\rehearsals\4f26cee2-7849-48ba-b437-f8a2a5bb485e\frozen_source\01_EOAT_Audit\EOAT_Audit_Database\EOAT_Master_Tracker.xlsx,EOAT Inventory,65,AUD-20260604-013,EOAT,P4-EOAT-0039,Press/Machine #,N/A,[],[],Import the audit and EOAT; defer the machine relationship.,"[""DEFER"", ""SUPPLY_VERIFIED_VALUE"", ""MARK_NOT_APPLICABLE"", ""REJECT_WITH_REASON""]",UNRESOLVED,,,,
ffcda3dc-02d8-505c-9863-28c0c0538c1e,WARNING,MISSING_MACHINE,C:\Users\kgray\AppData\Local\EOAT Atlas Staging\rehearsals\4f26cee2-7849-48ba-b437-f8a2a5bb485e\frozen_source\01_EOAT_Audit\EOAT_Audit_Database\EOAT_Master_Tracker.xlsx,EOAT Inventory,66,AUD-20260608-001,EOAT,P4-EOAT-0040,Press/Machine #,N/A,[],[],Import the audit and EOAT; defer the machine relationship.,"[""DEFER"", ""SUPPLY_VERIFIED_VALUE"", ""MARK_NOT_APPLICABLE"", ""REJECT_WITH_REASON""]",UNRESOLVED,,,,
f1dfc7cb-d68b-5964-b95a-ad02f789c716,WARNING,CONFLICTING_EOAT_ATTRIBUTE,C:\Users\kgray\AppData\Local\EOAT Atlas Staging\rehearsals\4f26cee2-7849-48ba-b437-f8a2a5bb485e\frozen_source\01_EOAT_Audit\EOAT_Audit_Database\EOAT_Master_Tracker.xlsx,EOAT Inventory,86,CL-EOAT-0052,EOAT,CL-EOAT-0052,Cleanroom/Non-Cleanroom,Unknown / Not Checked,"[""Cleanroom"", ""Unknown / Not Checked""]","[85, 86, 89]",Leave the normalized field unknown until an administrator resolves it.,"[""DEFER"", ""SUPPLY_VERIFIED_VALUE"", ""MARK_NOT_APPLICABLE"", ""REJECT_WITH_REASON""]",UNRESOLVED,,,,
e4ee9ecf-d049-5b16-a9b8-4471351ea39f,WARNING,CONFLICTING_EOAT_ATTRIBUTE,C:\Users\kgray\AppData\Local\EOAT Atlas Staging\rehearsals\4f26cee2-7849-48ba-b437-f8a2a5bb485e\frozen_source\01_EOAT_Audit\EOAT_Audit_Database\EOAT_Master_Tracker.xlsx,EOAT Inventory,89,CL-EOAT-0052,EOAT,CL-EOAT-0052,Cleanroom/Non-Cleanroom,Unknown / Not Checked,"[""Cleanroom"", ""Unknown / Not Checked""]","[85, 86, 89]",Leave the normalized field unknown until an administrator resolves it.,"[""DEFER"", ""SUPPLY_VERIFIED_VALUE"", ""MARK_NOT_APPLICABLE"", ""REJECT_WITH_REASON""]",UNRESOLVED,,,,
a788593d-b577-5b30-8276-5e44eb478ea3,WARNING,CONFLICTING_CURRENT_ASSIGNMENT,C:\Users\kgray\AppData\Local\EOAT Atlas Staging\rehearsals\4f26cee2-7849-48ba-b437-f8a2a5bb485e\frozen_source\01_EOAT_Audit\EOAT_Audit_Database\EOAT_Master_Tracker.xlsx,EOAT Inventory,,CL-EOAT-0050,EOAT,CL-EOAT-0050,Press/Machine #,51 | 52 | 55,"[""51"", ""52"", ""55""]","[81, 82, 83]",Do not create an active installation or storage assignment.,"[""DEFER"", ""SUPPLY_VERIFIED_VALUE"", ""MARK_NOT_APPLICABLE"", ""REJECT_WITH_REASON""]",UNRESOLVED,,,,
1da75b2b-053d-5ff7-b2e6-66908c80d043,WARNING,CONFLICTING_CURRENT_ASSIGNMENT,C:\Users\kgray\AppData\Local\EOAT Atlas Staging\rehearsals\4f26cee2-7849-48ba-b437-f8a2a5bb485e\frozen_source\01_EOAT_Audit\EOAT_Audit_Database\EOAT_Master_Tracker.xlsx,EOAT Inventory,,CL-EOAT-0052,EOAT,CL-EOAT-0052,Press/Machine #,63 | 65 | 66,"[""63"", ""65"", ""66""]","[85, 86, 89]",Do not create an active installation or storage assignment.,"[""DEFER"", ""SUPPLY_VERIFIED_VALUE"", ""MARK_NOT_APPLICABLE"", ""REJECT_WITH_REASON""]",UNRESOLVED,,,,
d202667b-d0f2-5468-9b35-ce548ea4b614,WARNING,CONFLICTING_CURRENT_ASSIGNMENT,C:\Users\kgray\AppData\Local\EOAT Atlas Staging\rehearsals\4f26cee2-7849-48ba-b437-f8a2a5bb485e\frozen_source\01_EOAT_Audit\EOAT_Audit_Database\EOAT_Master_Tracker.xlsx,EOAT Inventory,,CL-EOAT-0054,EOAT,CL-EOAT-0054,Press/Machine #,40 | 47 | 57,"[""40"", ""47"", ""57""]","[88, 92, 93]",Do not create an active installation or storage assignment.,"[""DEFER"", ""SUPPLY_VERIFIED_VALUE"", ""MARK_NOT_APPLICABLE"", ""REJECT_WITH_REASON""]",UNRESOLVED,,,,
040abd5d-df80-5111-9008-1bf1e317f47e,WARNING,CONFLICTING_CURRENT_ASSIGNMENT,C:\Users\kgray\AppData\Local\EOAT Atlas Staging\rehearsals\4f26cee2-7849-48ba-b437-f8a2a5bb485e\frozen_source\01_EOAT_Audit\EOAT_Audit_Database\EOAT_Master_Tracker.xlsx,EOAT Inventory,,P4-EOAT-0057,EOAT,P4-EOAT-0057,Press/Machine #,41 | 42 | 48 | 50,"[""41"", ""42"", ""48"", ""50""]","[94, 95, 96, 97]",Do not create an active installation or storage assignment.,"[""DEFER"", ""SUPPLY_VERIFIED_VALUE"", ""MARK_NOT_APPLICABLE"", ""REJECT_WITH_REASON""]",UNRESOLVED,,,,
018f8ffc-e36a-5a45-96a7-9c53aa774457,WARNING,POSSIBLE_PART_NOT_CONFIRMED,C:\Users\kgray\AppData\Local\EOAT Atlas Staging\rehearsals\4f26cee2-7849-48ba-b437-f8a2a5bb485e\frozen_source\01_EOAT_Audit\EOAT_Audit_Database\EOAT_Master_Tracker.xlsx,EOAT Inventory,2,5620040010,Part,WORM GEAR,Part Name/Description,WORM GEAR,[],"[2, 5, 6, 7, 8, 9, 10]",Preserve the candidate; do not create a part or tool-part relationship.,"[""DEFER"", ""SUPPLY_VERIFIED_VALUE"", ""MARK_NOT_APPLICABLE"", ""REJECT_WITH_REASON""]",DEFERRED,,,,
066e0908-5be3-5f00-844d-ce32eb432e44,WARNING,POSSIBLE_PART_NOT_CONFIRMED,C:\Users\kgray\AppData\Local\EOAT Atlas Staging\rehearsals\4f26cee2-7849-48ba-b437-f8a2a5bb485e\frozen_source\01_EOAT_Audit\EOAT_Audit_Database\EOAT_Master_Tracker.xlsx,EOAT Inventory,3,5116950010,Part,"WASHER, 29MM",Part Name/Description,"WASHER, 29MM",[],"[3, 11]",Preserve the candidate; do not create a part or tool-part relationship.,"[""DEFER"", ""SUPPLY_VERIFIED_VALUE"", ""MARK_NOT_APPLICABLE"", ""REJECT_WITH_REASON""]",DEFERRED,,,,
2edd98fa-16ed-5328-b383-5843fd9dc77b,WARNING,POSSIBLE_PART_NOT_CONFIRMED,C:\Users\kgray\AppData\Local\EOAT Atlas Staging\rehearsals\4f26cee2-7849-48ba-b437-f8a2a5bb485e\frozen_source\01_EOAT_Audit\EOAT_Audit_Database\EOAT_Master_Tracker.xlsx,EOAT Inventory,4,5116830010,Part,PRINTED BODY,Part Name/Description,PRINTED BODY,[],"[4, 12]",Preserve the candidate; do not create a part or tool-part relationship.,"[""DEFER"", ""SUPPLY_VERIFIED_VALUE"", ""MARK_NOT_APPLICABLE"", ""REJECT_WITH_REASON""]",DEFERRED,,,,
ddbe1322-e0da-58d6-ac2e-bbfcde4b31ca,WARNING,POSSIBLE_PART_NOT_CONFIRMED,C:\Users\kgray\AppData\Local\EOAT Atlas Staging\rehearsals\4f26cee2-7849-48ba-b437-f8a2a5bb485e\frozen_source\01_EOAT_Audit\EOAT_Audit_Database\EOAT_Master_Tracker.xlsx,EOAT Inventory,13,5620030010,Part,POPPET,Part Name/Description,POPPET,[],"[13, 17, 18, 19, 20, 21, 22, 23, 24]",Preserve the candidate; do not create a part or tool-part relationship.,"[""DEFER"", ""SUPPLY_VERIFIED_VALUE"", ""MARK_NOT_APPLICABLE"", ""REJECT_WITH_REASON""]",DEFERRED,,,,
31db9151-2a19-5dab-9b56-e6c23265c936,WARNING,POSSIBLE_PART_NOT_CONFIRMED,C:\Users\kgray\AppData\Local\EOAT Atlas Staging\rehearsals\4f26cee2-7849-48ba-b437-f8a2a5bb485e\frozen_source\01_EOAT_Audit\EOAT_Audit_Database\EOAT_Master_Tracker.xlsx,EOAT Inventory,14,6200360010,Part,LEVER STOPCOCK,Part Name/Description,LEVER STOPCOCK,[],[14],Preserve the candidate; do not create a part or tool-part relationship.,"[""DEFER"", ""SUPPLY_VERIFIED_VALUE"", ""MARK_NOT_APPLICABLE"", ""REJECT_WITH_REASON""]",DEFERRED,,,,
d54ea543-1d03-53ab-813e-9f6edbeddb18,WARNING,POSSIBLE_PART_NOT_CONFIRMED,C:\Users\kgray\AppData\Local\EOAT Atlas Staging\rehearsals\4f26cee2-7849-48ba-b437-f8a2a5bb485e\frozen_source\01_EOAT_Audit\EOAT_Audit_Database\EOAT_Master_Tracker.xlsx,EOAT Inventory,15,7130080010,Part,TOP CAP,Part Name/Description,TOP CAP,[],[15],Preserve the candidate; do not create a part or tool-part relationship.,"[""DEFER"", ""SUPPLY_VERIFIED_VALUE"", ""MARK_NOT_APPLICABLE"", ""REJECT_WITH_REASON""]",DEFERRED,,,,
9fdfb4ad-793b-56a8-9212-0edabe9fa773,WARNING,POSSIBLE_PART_NOT_CONFIRMED,C:\Users\kgray\AppData\Local\EOAT Atlas Staging\rehearsals\4f26cee2-7849-48ba-b437-f8a2a5bb485e\frozen_source\01_EOAT_Audit\EOAT_Audit_Database\EOAT_Master_Tracker.xlsx,EOAT Inventory,16,5111970020,Part,KNIFE BLOCK,Part Name/Description,KNIFE BLOCK,[],"[16, 25]",Preserve the candidate; do not create a part or tool-part relationship.,"[""DEFER"", ""SUPPLY_VERIFIED_VALUE"", ""MARK_NOT_APPLICABLE"", ""REJECT_WITH_REASON""]",DEFERRED,,,,
2e052cd0-04a8-5865-b15e-6f96fcc376a3,WARNING,POSSIBLE_PART_NOT_CONFIRMED,C:\Users\kgray\AppData\Local\EOAT Atlas Staging\rehearsals\4f26cee2-7849-48ba-b437-f8a2a5bb485e\frozen_source\01_EOAT_Audit\EOAT_Audit_Database\EOAT_Master_Tracker.xlsx,EOAT Inventory,26,5116701010,Part,HANDLE GREY,Part Name/Description,HANDLE GREY,[],"[26, 36, 37]",Preserve the candidate; do not create a part or tool-part relationship.,"[""DEFER"", ""SUPPLY_VERIFIED_VALUE"", ""MARK_NOT_APPLICABLE"", ""REJECT_WITH_REASON""]",DEFERRED,,,,
a8c5a8c6-0910-5019-b9e4-bfe4192bf620,WARNING,POSSIBLE_PART_NOT_CONFIRMED,C:\Users\kgray\AppData\Local\EOAT Atlas Staging\rehearsals\4f26cee2-7849-48ba-b437-f8a2a5bb485e\frozen_source\01_EOAT_Audit\EOAT_Audit_Database\EOAT_Master_Tracker.xlsx,EOAT Inventory,27,6250040080,Part,SKIRT,Part Name/Description,SKIRT,[],"[27, 40]",Preserve the candidate; do not create a part or tool-part relationship.,"[""DEFER"", ""SUPPLY_VERIFIED_VALUE"", ""MARK_NOT_APPLICABLE"", ""REJECT_WITH_REASON""]",DEFERRED,,,,
71671bb5-e568-58df-88e3-348390b4c3b3,WARNING,POSSIBLE_PART_NOT_CONFIRMED,C:\Users\kgray\AppData\Local\EOAT Atlas Staging\rehearsals\4f26cee2-7849-48ba-b437-f8a2a5bb485e\frozen_source\01_EOAT_Audit\EOAT_Audit_Database\EOAT_Master_Tracker.xlsx,EOAT Inventory,28,5111891020,Part,CARTRIDGE SHROUD,Part Name/Description,CARTRIDGE SHROUD,[],[28],Preserve the candidate; do not create a part or tool-part relationship.,"[""DEFER"", ""SUPPLY_VERIFIED_VALUE"", ""MARK_NOT_APPLICABLE"", ""REJECT_WITH_REASON""]",DEFERRED,,,,
21487f58-d9cf-5d76-895e-783adaae1ae9,WARNING,POSSIBLE_PART_NOT_CONFIRMED,C:\Users\kgray\AppData\Local\EOAT Atlas Staging\rehearsals\4f26cee2-7849-48ba-b437-f8a2a5bb485e\frozen_source\01_EOAT_Audit\EOAT_Audit_Database\EOAT_Master_Tracker.xlsx,EOAT Inventory,29,N/A,Part,N/A,Part Name/Description,N/A,[],[29],Preserve the candidate; do not create a part or tool-part relationship.,"[""DEFER"", ""SUPPLY_VERIFIED_VALUE"", ""MARK_NOT_APPLICABLE"", ""REJECT_WITH_REASON""]",DEFERRED,,,,
ba7e354d-7856-5d19-94fe-340380304c83,WARNING,POSSIBLE_PART_NOT_CONFIRMED,C:\Users\kgray\AppData\Local\EOAT Atlas Staging\rehearsals\4f26cee2-7849-48ba-b437-f8a2a5bb485e\frozen_source\01_EOAT_Audit\EOAT_Audit_Database\EOAT_Master_Tracker.xlsx,EOAT Inventory,30,6250021040,Part,SNAP BASE,Part Name/Description,SNAP BASE,[],"[30, 32, 33]",Preserve the candidate; do not create a part or tool-part relationship.,"[""DEFER"", ""SUPPLY_VERIFIED_VALUE"", ""MARK_NOT_APPLICABLE"", ""REJECT_WITH_REASON""]",DEFERRED,,,,
c6991a64-e43f-540d-b2f2-b7623ffcf42a,WARNING,POSSIBLE_PART_NOT_CONFIRMED,C:\Users\kgray\AppData\Local\EOAT Atlas Staging\rehearsals\4f26cee2-7849-48ba-b437-f8a2a5bb485e\frozen_source\01_EOAT_Audit\EOAT_Audit_Database\EOAT_Master_Tracker.xlsx,EOAT Inventory,31,8280010010,Part,BOTTOM HOUSING,Part Name/Description,BOTTOM HOUSING,[],"[31, 38, 39]",Preserve the candidate; do not create a part or tool-part relationship.,"[""DEFER"", ""SUPPLY_VERIFIED_VALUE"", ""MARK_NOT_APPLICABLE"", ""REJECT_WITH_REASON""]",DEFERRED,,,,
e2b2c9fb-e9f6-5fcb-9e2c-287ee2673bda,WARNING,POSSIBLE_PART_NOT_CONFIRMED,C:\Users\kgray\AppData\Local\EOAT Atlas Staging\rehearsals\4f26cee2-7849-48ba-b437-f8a2a5bb485e\frozen_source\01_EOAT_Audit\EOAT_Audit_Database\EOAT_Master_Tracker.xlsx,EOAT Inventory,34,7810020011,Part,2ML TUBE SAMPLE CUP,Part Name/Description,2ML TUBE SAMPLE CUP,[],[34],Preserve the candidate; do not create a part or tool-part relationship.,"[""DEFER"", ""SUPPLY_VERIFIED_VALUE"", ""MARK_NOT_APPLICABLE"", ""REJECT_WITH_REASON""]",DEFERRED,,,,
fd14df45-3f8d-5843-a1fe-525be6d64daf,WARNING,POSSIBLE_PART_NOT_CONFIRMED,C:\Users\kgray\AppData\Local\EOAT Atlas Staging\rehearsals\4f26cee2-7849-48ba-b437-f8a2a5bb485e\frozen_source\01_EOAT_Audit\EOAT_Audit_Database\EOAT_Master_Tracker.xlsx,EOAT Inventory,35,6201520110,Part,LUER ADAPTER RED,Part Name/Description,LUER ADAPTER RED,[],[35],Preserve the candidate; do not create a part or tool-part relationship.,"[""DEFER"", ""SUPPLY_VERIFIED_VALUE"", ""MARK_NOT_APPLICABLE"", ""REJECT_WITH_REASON""]",DEFERRED,,,,
6dbb29c8-4ab4-55ee-9d03-ee83612b1db9,WARNING,POSSIBLE_PART_NOT_CONFIRMED,C:\Users\kgray\AppData\Local\EOAT Atlas Staging\rehearsals\4f26cee2-7849-48ba-b437-f8a2a5bb485e\frozen_source\01_EOAT_Audit\EOAT_Audit_Database\EOAT_Master_Tracker.xlsx,EOAT Inventory,41,5116740020,Part,TRIGGER CLAMPING,Part Name/Description,TRIGGER CLAMPING,[],[41],Preserve the candidate; do not create a part or tool-part relationship.,"[""DEFER"", ""SUPPLY_VERIFIED_VALUE"", ""MARK_NOT_APPLICABLE"", ""REJECT_WITH_REASON""]",DEFERRED,,,,
8d919524-6abb-5b5d-8534-05384304b06b,WARNING,POSSIBLE_PART_NOT_CONFIRMED,C:\Users\kgray\AppData\Local\EOAT Atlas Staging\rehearsals\4f26cee2-7849-48ba-b437-f8a2a5bb485e\frozen_source\01_EOAT_Audit\EOAT_Audit_Database\EOAT_Master_Tracker.xlsx,EOAT Inventory,42,6250190030,Part,SNAP ACTIVATOR H MOL,Part Name/Description,SNAP ACTIVATOR H MOL,[],"[42, 43]",Preserve the candidate; do not create a part or tool-part relationship.,"[""DEFER"", ""SUPPLY_VERIFIED_VALUE"", ""MARK_NOT_APPLICABLE"", ""REJECT_WITH_REASON""]",DEFERRED,,,,
c1718f92-be2e-59cc-8bbf-98108767f2aa,WARNING,POSSIBLE_PART_NOT_CONFIRMED,C:\Users\kgray\AppData\Local\EOAT Atlas Staging\rehearsals\4f26cee2-7849-48ba-b437-f8a2a5bb485e\frozen_source\01_EOAT_Audit\EOAT_Audit_Database\EOAT_Master_Tracker.xlsx,EOAT Inventory,44,6201750011,Part,HOUSING RIGHT INLINE,Part Name/Description,HOUSING RIGHT INLINE,[],[44],Preserve the candidate; do not create a part or tool-part relationship.,"[""DEFER"", ""SUPPLY_VERIFIED_VALUE"", ""MARK_NOT_APPLICABLE"", ""REJECT_WITH_REASON""]",DEFERRED,,,,
8f4252cb-a8ff-5f02-ac28-eb810e4eaf38,WARNING,POSSIBLE_PART_NOT_CONFIRMED,C:\Users\kgray\AppData\Local\EOAT Atlas Staging\rehearsals\4f26cee2-7849-48ba-b437-f8a2a5bb485e\frozen_source\01_EOAT_Audit\EOAT_Audit_Database\EOAT_Master_Tracker.xlsx,EOAT Inventory,45,6200171020,Part,HANDLE LOWER JAW,Part Name/Description,HANDLE LOWER JAW,[],"[45, 46]",Preserve the candidate; do not create a part or tool-part relationship.,"[""DEFER"", ""SUPPLY_VERIFIED_VALUE"", ""MARK_NOT_APPLICABLE"", ""REJECT_WITH_REASON""]",DEFERRED,,,,
06a513d2-ad9e-5f9a-9ac7-5dac26269b56,WARNING,POSSIBLE_PART_NOT_CONFIRMED,C:\Users\kgray\AppData\Local\EOAT Atlas Staging\rehearsals\4f26cee2-7849-48ba-b437-f8a2a5bb485e\frozen_source\01_EOAT_Audit\EOAT_Audit_Database\EOAT_Master_Tracker.xlsx,EOAT Inventory,47,7490090010,Part,CHEMOLOCK,Part Name/Description,CHEMOLOCK,[],[47],Preserve the candidate; do not create a part or tool-part relationship.,"[""DEFER"", ""SUPPLY_VERIFIED_VALUE"", ""MARK_NOT_APPLICABLE"", ""REJECT_WITH_REASON""]",DEFERRED,,,,
90da929c-6975-5bf2-bf68-12efaccbe8ce,WARNING,POSSIBLE_PART_NOT_CONFIRMED,C:\Users\kgray\AppData\Local\EOAT Atlas Staging\rehearsals\4f26cee2-7849-48ba-b437-f8a2a5bb485e\frozen_source\01_EOAT_Audit\EOAT_Audit_Database\EOAT_Master_Tracker.xlsx,EOAT Inventory,48,5117130011,Part,SHROUD LEFT ROADR 60,Part Name/Description,SHROUD LEFT ROADR 60,[],[48],Preserve the candidate; do not create a part or tool-part relationship.,"[""DEFER"", ""SUPPLY_VERIFIED_VALUE"", ""MARK_NOT_APPLICABLE"", ""REJECT_WITH_REASON""]",DEFERRED,,,,
623c4b0e-9296-5cac-acb3-7e6f6a74f357,WARNING,POSSIBLE_PART_NOT_CONFIRMED,C:\Users\kgray\AppData\Local\EOAT Atlas Staging\rehearsals\4f26cee2-7849-48ba-b437-f8a2a5bb485e\frozen_source\01_EOAT_Audit\EOAT_Audit_Database\EOAT_Master_Tracker.xlsx,EOAT Inventory,49,6250040090,Part,SKIRT,Part Name/Description,SKIRT,[],"[49, 103]",Preserve the candidate; do not create a part or tool-part relationship.,"[""DEFER"", ""SUPPLY_VERIFIED_VALUE"", ""MARK_NOT_APPLICABLE"", ""REJECT_WITH_REASON""]",DEFERRED,,,,
05cf2e8e-4436-5863-aaf0-c9c72aec0e96,WARNING,POSSIBLE_PART_NOT_CONFIRMED,C:\Users\kgray\AppData\Local\EOAT Atlas Staging\rehearsals\4f26cee2-7849-48ba-b437-f8a2a5bb485e\frozen_source\01_EOAT_Audit\EOAT_Audit_Database\EOAT_Master_Tracker.xlsx,EOAT Inventory,50,6250010030,Part,"SNAP COVER ""H MOLD""",Part Name/Description,"SNAP COVER ""H MOLD""",[],"[50, 67]",Preserve the candidate; do not create a part or tool-part relationship.,"[""DEFER"", ""SUPPLY_VERIFIED_VALUE"", ""MARK_NOT_APPLICABLE"", ""REJECT_WITH_REASON""]",DEFERRED,,,,
811701ff-9521-52e1-bd86-5b46d6e69fd5,WARNING,POSSIBLE_PART_NOT_CONFIRMED,C:\Users\kgray\AppData\Local\EOAT Atlas Staging\rehearsals\4f26cee2-7849-48ba-b437-f8a2a5bb485e\frozen_source\01_EOAT_Audit\EOAT_Audit_Database\EOAT_Master_Tracker.xlsx,EOAT Inventory,51,6200111010,Part,APPOSE TRIGGER,Part Name/Description,APPOSE TRIGGER,[],[51],Preserve the candidate; do not create a part or tool-part relationship.,"[""DEFER"", ""SUPPLY_VERIFIED_VALUE"", ""MARK_NOT_APPLICABLE"", ""REJECT_WITH_REASON""]",DEFERRED,,,,
24472c7d-99df-5891-ace6-a21af90d02e9,WARNING,POSSIBLE_PART_NOT_CONFIRMED,C:\Users\kgray\AppData\Local\EOAT Atlas Staging\rehearsals\4f26cee2-7849-48ba-b437-f8a2a5bb485e\frozen_source\01_EOAT_Audit\EOAT_Audit_Database\EOAT_Master_Tracker.xlsx,EOAT Inventory,52,6920150021,Part,STRAP 25 HANDLE LEFT,Part Name/Description,STRAP 25 HANDLE LEFT,[],[52],Preserve the candidate; do not create a part or tool-part relationship.,"[""DEFER"", ""SUPPLY_VERIFIED_VALUE"", ""MARK_NOT_APPLICABLE"", ""REJECT_WITH_REASON""]",DEFERRED,,,,
509c104c-329d-55f8-ae08-b5a4cbba7ef8,WARNING,POSSIBLE_PART_NOT_CONFIRMED,C:\Users\kgray\AppData\Local\EOAT Atlas Staging\rehearsals\4f26cee2-7849-48ba-b437-f8a2a5bb485e\frozen_source\01_EOAT_Audit\EOAT_Audit_Database\EOAT_Master_Tracker.xlsx,EOAT Inventory,53,6200770010,Part,RETAINER PRO FLEX CA,Part Name/Description,RETAINER PRO FLEX CA,[],"[53, 69]",Preserve the candidate; do not create a part or tool-part relationship.,"[""DEFER"", ""SUPPLY_VERIFIED_VALUE"", ""MARK_NOT_APPLICABLE"", ""REJECT_WITH_REASON""]",DEFERRED,,,,
ae438657-3454-5462-8f03-56ba0721110e,WARNING,POSSIBLE_PART_NOT_CONFIRMED,C:\Users\kgray\AppData\Local\EOAT Atlas Staging\rehearsals\4f26cee2-7849-48ba-b437-f8a2a5bb485e\frozen_source\01_EOAT_Audit\EOAT_Audit_Database\EOAT_Master_Tracker.xlsx,EOAT Inventory,54,7373810010,Part,DRIVE GEAR,Part Name/Description,DRIVE GEAR,[],[54],Preserve the candidate; do not create a part or tool-part relationship.,"[""DEFER"", ""SUPPLY_VERIFIED_VALUE"", ""MARK_NOT_APPLICABLE"", ""REJECT_WITH_REASON""]",DEFERRED,,,,
9ff04816-1374-5898-9659-be922fe96969,WARNING,POSSIBLE_PART_NOT_CONFIRMED,C:\Users\kgray\AppData\Local\EOAT Atlas Staging\rehearsals\4f26cee2-7849-48ba-b437-f8a2a5bb485e\frozen_source\01_EOAT_Audit\EOAT_Audit_Database\EOAT_Master_Tracker.xlsx,EOAT Inventory,55,5116990010,Part,"ANVIL SHROUD, 23MM",Part Name/Description,"ANVIL SHROUD, 23MM",[],[55],Preserve the candidate; do not create a part or tool-part relationship.,"[""DEFER"", ""SUPPLY_VERIFIED_VALUE"", ""MARK_NOT_APPLICABLE"", ""REJECT_WITH_REASON""]",DEFERRED,,,,
6d9d71de-cc60-553f-85d5-9f9acf26e920,WARNING,POSSIBLE_PART_NOT_CONFIRMED,C:\Users\kgray\AppData\Local\EOAT Atlas Staging\rehearsals\4f26cee2-7849-48ba-b437-f8a2a5bb485e\frozen_source\01_EOAT_Audit\EOAT_Audit_Database\EOAT_Master_Tracker.xlsx,EOAT Inventory,56,5117010010,Part,ANVIL SHROUD,Part Name/Description,ANVIL SHROUD,[],[56],Preserve the candidate; do not create a part or tool-part relationship.,"[""DEFER"", ""SUPPLY_VERIFIED_VALUE"", ""MARK_NOT_APPLICABLE"", ""REJECT_WITH_REASON""]",DEFERRED,,,,
179c2c02-ed6c-5111-b253-17db4c50edba,WARNING,POSSIBLE_PART_NOT_CONFIRMED,C:\Users\kgray\AppData\Local\EOAT Atlas Staging\rehearsals\4f26cee2-7849-48ba-b437-f8a2a5bb485e\frozen_source\01_EOAT_Audit\EOAT_Audit_Database\EOAT_Master_Tracker.xlsx,EOAT Inventory,57,5630100010,Part,KNOB,Part Name/Description,KNOB,[],[57],Preserve the candidate; do not create a part or tool-part relationship.,"[""DEFER"", ""SUPPLY_VERIFIED_VALUE"", ""MARK_NOT_APPLICABLE"", ""REJECT_WITH_REASON""]",DEFERRED,,,,
2b45f700-be78-59f5-9201-b9427a8b3780,WARNING,POSSIBLE_PART_NOT_CONFIRMED,C:\Users\kgray\AppData\Local\EOAT Atlas Staging\rehearsals\4f26cee2-7849-48ba-b437-f8a2a5bb485e\frozen_source\01_EOAT_Audit\EOAT_Audit_Database\EOAT_Master_Tracker.xlsx,EOAT Inventory,58,5630830010,Part,TRIGGER,Part Name/Description,TRIGGER,[],[58],Preserve the candidate; do not create a part or tool-part relationship.,"[""DEFER"", ""SUPPLY_VERIFIED_VALUE"", ""MARK_NOT_APPLICABLE"", ""REJECT_WITH_REASON""]",DEFERRED,,,,
9be692cb-7c5d-5a3f-9354-41c174583c93,WARNING,POSSIBLE_PART_NOT_CONFIRMED,C:\Users\kgray\AppData\Local\EOAT Atlas Staging\rehearsals\4f26cee2-7849-48ba-b437-f8a2a5bb485e\frozen_source\01_EOAT_Audit\EOAT_Audit_Database\EOAT_Master_Tracker.xlsx,EOAT Inventory,59,5116130020,Part,ALIGNMENT PIN,Part Name/Description,ALIGNMENT PIN,[],[59],Preserve the candidate; do not create a part or tool-part relationship.,"[""DEFER"", ""SUPPLY_VERIFIED_VALUE"", ""MARK_NOT_APPLICABLE"", ""REJECT_WITH_REASON""]",DEFERRED,,,,
457806ee-ab79-5c43-91bd-2633a89fa8f1,WARNING,POSSIBLE_PART_NOT_CONFIRMED,C:\Users\kgray\AppData\Local\EOAT Atlas Staging\rehearsals\4f26cee2-7849-48ba-b437-f8a2a5bb485e\frozen_source\01_EOAT_Audit\EOAT_Audit_Database\EOAT_Master_Tracker.xlsx,EOAT Inventory,60,7372540010,Part,WORM GEAR,Part Name/Description,WORM GEAR,[],[60],Preserve the candidate; do not create a part or tool-part relationship.,"[""DEFER"", ""SUPPLY_VERIFIED_VALUE"", ""MARK_NOT_APPLICABLE"", ""REJECT_WITH_REASON""]",DEFERRED,,,,
86af2105-f04c-5bf0-a31c-08069480bf71,WARNING,POSSIBLE_PART_NOT_CONFIRMED,C:\Users\kgray\AppData\Local\EOAT Atlas Staging\rehearsals\4f26cee2-7849-48ba-b437-f8a2a5bb485e\frozen_source\01_EOAT_Audit\EOAT_Audit_Database\EOAT_Master_Tracker.xlsx,EOAT Inventory,61,7372550010,Part,DRIVE GEAR,Part Name/Description,DRIVE GEAR,[],[61],Preserve the candidate; do not create a part or tool-part relationship.,"[""DEFER"", ""SUPPLY_VERIFIED_VALUE"", ""MARK_NOT_APPLICABLE"", ""REJECT_WITH_REASON""]",DEFERRED,,,,
5adff912-fa95-529a-ae27-143f71656fba,WARNING,POSSIBLE_PART_NOT_CONFIRMED,C:\Users\kgray\AppData\Local\EOAT Atlas Staging\rehearsals\4f26cee2-7849-48ba-b437-f8a2a5bb485e\frozen_source\01_EOAT_Audit\EOAT_Audit_Database\EOAT_Master_Tracker.xlsx,EOAT Inventory,62,5117270010,Part,KNIFE PUSHER,Part Name/Description,KNIFE PUSHER,[],[62],Preserve the candidate; do not create a part or tool-part relationship.,"[""DEFER"", ""SUPPLY_VERIFIED_VALUE"", ""MARK_NOT_APPLICABLE"", ""REJECT_WITH_REASON""]",DEFERRED,,,,
e5305aab-4cc5-55f2-bb50-90850d16ddd9,WARNING,POSSIBLE_PART_NOT_CONFIRMED,C:\Users\kgray\AppData\Local\EOAT Atlas Staging\rehearsals\4f26cee2-7849-48ba-b437-f8a2a5bb485e\frozen_source\01_EOAT_Audit\EOAT_Audit_Database\EOAT_Master_Tracker.xlsx,EOAT Inventory,63,5112001010,Part,CAM,Part Name/Description,CAM,[],[63],Preserve the candidate; do not create a part or tool-part relationship.,"[""DEFER"", ""SUPPLY_VERIFIED_VALUE"", ""MARK_NOT_APPLICABLE"", ""REJECT_WITH_REASON""]",DEFERRED,,,,
a3602fe4-1586-5070-9a30-f443dfb4e4f5,WARNING,POSSIBLE_PART_NOT_CONFIRMED,C:\Users\kgray\AppData\Local\EOAT Atlas Staging\rehearsals\4f26cee2-7849-48ba-b437-f8a2a5bb485e\frozen_source\01_EOAT_Audit\EOAT_Audit_Database\EOAT_Master_Tracker.xlsx,EOAT Inventory,64,7170410010,Part,GRASPER HANDLE LOAD,Part Name/Description,GRASPER HANDLE LOAD,[],"[64, 72, 73]",Preserve the candidate; do not create a part or tool-part relationship.,"[""DEFER"", ""SUPPLY_VERIFIED_VALUE"", ""MARK_NOT_APPLICABLE"", ""REJECT_WITH_REASON""]",DEFERRED,,,,
be64205f-fb35-56a2-b8c7-945c92f40803,WARNING,POSSIBLE_PART_NOT_CONFIRMED,C:\Users\kgray\AppData\Local\EOAT Atlas Staging\rehearsals\4f26cee2-7849-48ba-b437-f8a2a5bb485e\frozen_source\01_EOAT_Audit\EOAT_Audit_Database\EOAT_Master_Tracker.xlsx,EOAT Inventory,65,6201510010,Part,LUER ADAPTER WHITE,Part Name/Description,LUER ADAPTER WHITE,[],[65],Preserve the candidate; do not create a part or tool-part relationship.,"[""DEFER"", ""SUPPLY_VERIFIED_VALUE"", ""MARK_NOT_APPLICABLE"", ""REJECT_WITH_REASON""]",DEFERRED,,,,
bd78ad6f-b7a6-5ac8-8c1b-2a0d018f7d0d,WARNING,POSSIBLE_PART_NOT_CONFIRMED,C:\Users\kgray\AppData\Local\EOAT Atlas Staging\rehearsals\4f26cee2-7849-48ba-b437-f8a2a5bb485e\frozen_source\01_EOAT_Audit\EOAT_Audit_Database\EOAT_Master_Tracker.xlsx,EOAT Inventory,66,6201530010,Part,WHITE PERITONEAL LUER ADAPTER,Part Name/Description,WHITE PERITONEAL LUER ADAPTER,[],[66],Preserve the candidate; do not create a part or tool-part relationship.,"[""DEFER"", ""SUPPLY_VERIFIED_VALUE"", ""MARK_NOT_APPLICABLE"", ""REJECT_WITH_REASON""]",DEFERRED,,,,
0142f05a-b8e8-5e2c-afa7-ec89118c344d,WARNING,POSSIBLE_PART_NOT_CONFIRMED,C:\Users\kgray\AppData\Local\EOAT Atlas Staging\rehearsals\4f26cee2-7849-48ba-b437-f8a2a5bb485e\frozen_source\01_EOAT_Audit\EOAT_Audit_Database\EOAT_Master_Tracker.xlsx,EOAT Inventory,68,830002010,Part,N/A,Part Name/Description,N/A,[],[68],Preserve the candidate; do not create a part or tool-part relationship.,"[""DEFER"", ""SUPPLY_VERIFIED_VALUE"", ""MARK_NOT_APPLICABLE"", ""REJECT_WITH_REASON""]",DEFERRED,,,,
55819465-c276-54ed-a58f-7a08a87a138d,WARNING,POSSIBLE_PART_NOT_CONFIRMED,C:\Users\kgray\AppData\Local\EOAT Atlas Staging\rehearsals\4f26cee2-7849-48ba-b437-f8a2a5bb485e\frozen_source\01_EOAT_Audit\EOAT_Audit_Database\EOAT_Master_Tracker.xlsx,EOAT Inventory,70,6201730011,Part,HOUSING RIGHT INLINE,Part Name/Description,HOUSING RIGHT INLINE,[],[70],Preserve the candidate; do not create a part or tool-part relationship.,"[""DEFER"", ""SUPPLY_VERIFIED_VALUE"", ""MARK_NOT_APPLICABLE"", ""REJECT_WITH_REASON""]",DEFERRED,,,,
62486df2-d244-5da7-9401-6c0510ffa9d5,WARNING,POSSIBLE_PART_NOT_CONFIRMED,C:\Users\kgray\AppData\Local\EOAT Atlas Staging\rehearsals\4f26cee2-7849-48ba-b437-f8a2a5bb485e\frozen_source\01_EOAT_Audit\EOAT_Audit_Database\EOAT_Master_Tracker.xlsx,EOAT Inventory,71,6201540010,Part,INFUSION ADAPTER,Part Name/Description,INFUSION ADAPTER,[],[71],Preserve the candidate; do not create a part or tool-part relationship.,"[""DEFER"", ""SUPPLY_VERIFIED_VALUE"", ""MARK_NOT_APPLICABLE"", ""REJECT_WITH_REASON""]",DEFERRED,,,,
63f31713-78e3-56fa-8a58-fe48fa4037e0,WARNING,POSSIBLE_PART_NOT_CONFIRMED,C:\Users\kgray\AppData\Local\EOAT Atlas Staging\rehearsals\4f26cee2-7849-48ba-b437-f8a2a5bb485e\frozen_source\01_EOAT_Audit\EOAT_Audit_Database\EOAT_Master_Tracker.xlsx,EOAT Inventory,74,8280020010,Part,"NEEDLE CAP, TWO SHOT",Part Name/Description,"NEEDLE CAP, TWO SHOT",[],[74],Preserve the candidate; do not create a part or tool-part relationship.,"[""DEFER"", ""SUPPLY_VERIFIED_VALUE"", ""MARK_NOT_APPLICABLE"", ""REJECT_WITH_REASON""]",DEFERRED,,,,
c7fe1737-40da-50c8-8ca5-81903a8caa75,WARNING,POSSIBLE_PART_NOT_CONFIRMED,C:\Users\kgray\AppData\Local\EOAT Atlas Staging\rehearsals\4f26cee2-7849-48ba-b437-f8a2a5bb485e\frozen_source\01_EOAT_Audit\EOAT_Audit_Database\EOAT_Master_Tracker.xlsx,EOAT Inventory,75,8280010020,Part,BOTTOM HOUSING,Part Name/Description,BOTTOM HOUSING,[],[75],Preserve the candidate; do not create a part or tool-part relationship.,"[""DEFER"", ""SUPPLY_VERIFIED_VALUE"", ""MARK_NOT_APPLICABLE"", ""REJECT_WITH_REASON""]",DEFERRED,,,,
0f8cb703-612d-58d7-a734-784b0c09dc01,WARNING,POSSIBLE_PART_NOT_CONFIRMED,C:\Users\kgray\AppData\Local\EOAT Atlas Staging\rehearsals\4f26cee2-7849-48ba-b437-f8a2a5bb485e\frozen_source\01_EOAT_Audit\EOAT_Audit_Database\EOAT_Master_Tracker.xlsx,EOAT Inventory,76,8280010030,Part,BOTTOM HOUSING,Part Name/Description,BOTTOM HOUSING,[],[76],Preserve the candidate; do not create a part or tool-part relationship.,"[""DEFER"", ""SUPPLY_VERIFIED_VALUE"", ""MARK_NOT_APPLICABLE"", ""REJECT_WITH_REASON""]",DEFERRED,,,,
29997031-ef82-568a-b49d-5f36ab43488e,WARNING,POSSIBLE_PART_NOT_CONFIRMED,C:\Users\kgray\AppData\Local\EOAT Atlas Staging\rehearsals\4f26cee2-7849-48ba-b437-f8a2a5bb485e\frozen_source\01_EOAT_Audit\EOAT_Audit_Database\EOAT_Master_Tracker.xlsx,EOAT Inventory,77,8280030010/20,Part,RATCHET GEAR,Part Name/Description,RATCHET GEAR,[],[77],Preserve the candidate; do not create a part or tool-part relationship.,"[""DEFER"", ""SUPPLY_VERIFIED_VALUE"", ""MARK_NOT_APPLICABLE"", ""REJECT_WITH_REASON""]",DEFERRED,,,,
90b9ea66-708f-57a8-bfa2-b405a30eb71b,WARNING,POSSIBLE_PART_NOT_CONFIRMED,C:\Users\kgray\AppData\Local\EOAT Atlas Staging\rehearsals\4f26cee2-7849-48ba-b437-f8a2a5bb485e\frozen_source\01_EOAT_Audit\EOAT_Audit_Database\EOAT_Master_Tracker.xlsx,EOAT Inventory,78,6200880010,Part,COVER DOUBLE ARM FOA,Part Name/Description,COVER DOUBLE ARM FOA,[],"[78, 100]",Preserve the candidate; do not create a part or tool-part relationship.,"[""DEFER"", ""SUPPLY_VERIFIED_VALUE"", ""MARK_NOT_APPLICABLE"", ""REJECT_WITH_REASON""]",DEFERRED,,,,
426d0c3c-7397-5012-83eb-7ca40c414251,WARNING,POSSIBLE_PART_NOT_CONFIRMED,C:\Users\kgray\AppData\Local\EOAT Atlas Staging\rehearsals\4f26cee2-7849-48ba-b437-f8a2a5bb485e\frozen_source\01_EOAT_Audit\EOAT_Audit_Database\EOAT_Master_Tracker.xlsx,EOAT Inventory,79,6250050023,Part,32 CNT TUBE-32 32 32,Part Name/Description,32 CNT TUBE-32 32 32,[],[79],Preserve the candidate; do not create a part or tool-part relationship.,"[""DEFER"", ""SUPPLY_VERIFIED_VALUE"", ""MARK_NOT_APPLICABLE"", ""REJECT_WITH_REASON""]",DEFERRED,,,,
bdd99229-3a15-591c-9643-553e7ae6ac52,WARNING,POSSIBLE_PART_NOT_CONFIRMED,C:\Users\kgray\AppData\Local\EOAT Atlas Staging\rehearsals\4f26cee2-7849-48ba-b437-f8a2a5bb485e\frozen_source\01_EOAT_Audit\EOAT_Audit_Database\EOAT_Master_Tracker.xlsx,EOAT Inventory,80,4611950010,Part,IMUNOCOVER WIC108975,Part Name/Description,IMUNOCOVER WIC108975,[],"[80, 101, 102]",Preserve the candidate; do not create a part or tool-part relationship.,"[""DEFER"", ""SUPPLY_VERIFIED_VALUE"", ""MARK_NOT_APPLICABLE"", ""REJECT_WITH_REASON""]",DEFERRED,,,,
2d9fc70f-0a0e-52e1-8935-3ce97f6b13bd,WARNING,POSSIBLE_PART_NOT_CONFIRMED,C:\Users\kgray\AppData\Local\EOAT Atlas Staging\rehearsals\4f26cee2-7849-48ba-b437-f8a2a5bb485e\frozen_source\01_EOAT_Audit\EOAT_Audit_Database\EOAT_Master_Tracker.xlsx,EOAT Inventory,81,6200120010,Part,CHASSIS,Part Name/Description,CHASSIS,[],[81],Preserve the candidate; do not create a part or tool-part relationship.,"[""DEFER"", ""SUPPLY_VERIFIED_VALUE"", ""MARK_NOT_APPLICABLE"", ""REJECT_WITH_REASON""]",DEFERRED,,,,
f5edd5b9-e592-5e65-878a-75e4c778c330,WARNING,POSSIBLE_PART_NOT_CONFIRMED,C:\Users\kgray\AppData\Local\EOAT Atlas Staging\rehearsals\4f26cee2-7849-48ba-b437-f8a2a5bb485e\frozen_source\01_EOAT_Audit\EOAT_Audit_Database\EOAT_Master_Tracker.xlsx,EOAT Inventory,82,8280040010,Part,CHASSIS,Part Name/Description,CHASSIS,[],[82],Preserve the candidate; do not create a part or tool-part relationship.,"[""DEFER"", ""SUPPLY_VERIFIED_VALUE"", ""MARK_NOT_APPLICABLE"", ""REJECT_WITH_REASON""]",DEFERRED,,,,
3374e9d4-44c3-5052-b881-97ceb57a8e37,WARNING,POSSIBLE_PART_NOT_CONFIRMED,C:\Users\kgray\AppData\Local\EOAT Atlas Staging\rehearsals\4f26cee2-7849-48ba-b437-f8a2a5bb485e\frozen_source\01_EOAT_Audit\EOAT_Audit_Database\EOAT_Master_Tracker.xlsx,EOAT Inventory,83,6200120020,Part,CHASSIS,Part Name/Description,CHASSIS,[],[83],Preserve the candidate; do not create a part or tool-part relationship.,"[""DEFER"", ""SUPPLY_VERIFIED_VALUE"", ""MARK_NOT_APPLICABLE"", ""REJECT_WITH_REASON""]",DEFERRED,,,,
b81372f0-3361-5ba5-9222-c60e4f19204c,WARNING,POSSIBLE_PART_NOT_CONFIRMED,C:\Users\kgray\AppData\Local\EOAT Atlas Staging\rehearsals\4f26cee2-7849-48ba-b437-f8a2a5bb485e\frozen_source\01_EOAT_Audit\EOAT_Audit_Database\EOAT_Master_Tracker.xlsx,EOAT Inventory,84,5117421010,Part,DISTAL TRIGGER SHROUD,Part Name/Description,DISTAL TRIGGER SHROUD,[],[84],Preserve the candidate; do not create a part or tool-part relationship.,"[""DEFER"", ""SUPPLY_VERIFIED_VALUE"", ""MARK_NOT_APPLICABLE"", ""REJECT_WITH_REASON""]",DEFERRED,,,,
dfb97e29-4ada-51dd-9170-fa3ca21deeb1,WARNING,POSSIBLE_PART_NOT_CONFIRMED,C:\Users\kgray\AppData\Local\EOAT Atlas Staging\rehearsals\4f26cee2-7849-48ba-b437-f8a2a5bb485e\frozen_source\01_EOAT_Audit\EOAT_Audit_Database\EOAT_Master_Tracker.xlsx,EOAT Inventory,85,5630960010,Part,SMX HOL CLIP,Part Name/Description,SMX HOL CLIP,[],"[85, 89]",Preserve the candidate; do not create a part or tool-part relationship.,"[""DEFER"", ""SUPPLY_VERIFIED_VALUE"", ""MARK_NOT_APPLICABLE"", ""REJECT_WITH_REASON""]",DEFERRED,,,,
767e1379-07b8-5035-bfc0-1fa55a417ea5,WARNING,POSSIBLE_PART_NOT_CONFIRMED,C:\Users\kgray\AppData\Local\EOAT Atlas Staging\rehearsals\4f26cee2-7849-48ba-b437-f8a2a5bb485e\frozen_source\01_EOAT_Audit\EOAT_Audit_Database\EOAT_Master_Tracker.xlsx,EOAT Inventory,86,5630940010,Part,"HEM-O-LOK, L CLIP LIG",Part Name/Description,"HEM-O-LOK, L CLIP LIG",[],[86],Preserve the candidate; do not create a part or tool-part relationship.,"[""DEFER"", ""SUPPLY_VERIFIED_VALUE"", ""MARK_NOT_APPLICABLE"", ""REJECT_WITH_REASON""]",DEFERRED,,,,
f5fb1f66-651a-5c46-af32-e05aa9f8300f,WARNING,POSSIBLE_PART_NOT_CONFIRMED,C:\Users\kgray\AppData\Local\EOAT Atlas Staging\rehearsals\4f26cee2-7849-48ba-b437-f8a2a5bb485e\frozen_source\01_EOAT_Audit\EOAT_Audit_Database\EOAT_Master_Tracker.xlsx,EOAT Inventory,87,7570030010/6920690010,Part,TIP INSERT,Part Name/Description,TIP INSERT,[],[87],Preserve the candidate; do not create a part or tool-part relationship.,"[""DEFER"", ""SUPPLY_VERIFIED_VALUE"", ""MARK_NOT_APPLICABLE"", ""REJECT_WITH_REASON""]",DEFERRED,,,,
75704806-f86e-5c57-839b-265e0f2b1d86,WARNING,POSSIBLE_PART_NOT_CONFIRMED,C:\Users\kgray\AppData\Local\EOAT Atlas Staging\rehearsals\4f26cee2-7849-48ba-b437-f8a2a5bb485e\frozen_source\01_EOAT_Audit\EOAT_Audit_Database\EOAT_Master_Tracker.xlsx,EOAT Inventory,88,4611380050,Part,BG COVER WBGC 108992,Part Name/Description,BG COVER WBGC 108992,[],[88],Preserve the candidate; do not create a part or tool-part relationship.,"[""DEFER"", ""SUPPLY_VERIFIED_VALUE"", ""MARK_NOT_APPLICABLE"", ""REJECT_WITH_REASON""]",DEFERRED,,,,
aa16495d-4ff2-590d-838e-60876ef6cb2a,WARNING,POSSIBLE_PART_NOT_CONFIRMED,C:\Users\kgray\AppData\Local\EOAT Atlas Staging\rehearsals\4f26cee2-7849-48ba-b437-f8a2a5bb485e\frozen_source\01_EOAT_Audit\EOAT_Audit_Database\EOAT_Master_Tracker.xlsx,EOAT Inventory,90,6820020010,Part,SMALL GRAFT SIZER,Part Name/Description,SMALL GRAFT SIZER,[],[90],Preserve the candidate; do not create a part or tool-part relationship.,"[""DEFER"", ""SUPPLY_VERIFIED_VALUE"", ""MARK_NOT_APPLICABLE"", ""REJECT_WITH_REASON""]",DEFERRED,,,,
8840b809-ed4a-5b52-be19-617867bb650f,WARNING,POSSIBLE_PART_NOT_CONFIRMED,C:\Users\kgray\AppData\Local\EOAT Atlas Staging\rehearsals\4f26cee2-7849-48ba-b437-f8a2a5bb485e\frozen_source\01_EOAT_Audit\EOAT_Audit_Database\EOAT_Master_Tracker.xlsx,EOAT Inventory,91,6250080030,Part,SNAP DAIRY COVER,Part Name/Description,SNAP DAIRY COVER,[],[91],Preserve the candidate; do not create a part or tool-part relationship.,"[""DEFER"", ""SUPPLY_VERIFIED_VALUE"", ""MARK_NOT_APPLICABLE"", ""REJECT_WITH_REASON""]",DEFERRED,,,,
a3456d2f-2a70-505a-8c7e-5e5fde1a8aba,WARNING,POSSIBLE_PART_NOT_CONFIRMED,C:\Users\kgray\AppData\Local\EOAT Atlas Staging\rehearsals\4f26cee2-7849-48ba-b437-f8a2a5bb485e\frozen_source\01_EOAT_Audit\EOAT_Audit_Database\EOAT_Master_Tracker.xlsx,EOAT Inventory,92,4611380040,Part,BG COVER WBGC 108823,Part Name/Description,BG COVER WBGC 108823,[],[92],Preserve the candidate; do not create a part or tool-part relationship.,"[""DEFER"", ""SUPPLY_VERIFIED_VALUE"", ""MARK_NOT_APPLICABLE"", ""REJECT_WITH_REASON""]",DEFERRED,,,,
ed4cadfd-3f7d-5372-adae-ea1037c30af9,WARNING,POSSIBLE_PART_NOT_CONFIRMED,C:\Users\kgray\AppData\Local\EOAT Atlas Staging\rehearsals\4f26cee2-7849-48ba-b437-f8a2a5bb485e\frozen_source\01_EOAT_Audit\EOAT_Audit_Database\EOAT_Master_Tracker.xlsx,EOAT Inventory,93,4611380030,Part,BG COVER WBGC 108823,Part Name/Description,BG COVER WBGC 108823,[],[93],Preserve the candidate; do not create a part or tool-part relationship.,"[""DEFER"", ""SUPPLY_VERIFIED_VALUE"", ""MARK_NOT_APPLICABLE"", ""REJECT_WITH_REASON""]",DEFERRED,,,,
c58cadad-0990-58b0-89a8-28e6ab22602c,WARNING,POSSIBLE_PART_NOT_CONFIRMED,C:\Users\kgray\AppData\Local\EOAT Atlas Staging\rehearsals\4f26cee2-7849-48ba-b437-f8a2a5bb485e\frozen_source\01_EOAT_Audit\EOAT_Audit_Database\EOAT_Master_Tracker.xlsx,EOAT Inventory,94,4611440050,Part,CORE BASE TOOL,Part Name/Description,CORE BASE TOOL,[],[94],Preserve the candidate; do not create a part or tool-part relationship.,"[""DEFER"", ""SUPPLY_VERIFIED_VALUE"", ""MARK_NOT_APPLICABLE"", ""REJECT_WITH_REASON""]",DEFERRED,,,,
d34421f6-d97c-5223-8c3b-443390b24bb4,WARNING,POSSIBLE_PART_NOT_CONFIRMED,C:\Users\kgray\AppData\Local\EOAT Atlas Staging\rehearsals\4f26cee2-7849-48ba-b437-f8a2a5bb485e\frozen_source\01_EOAT_Audit\EOAT_Audit_Database\EOAT_Master_Tracker.xlsx,EOAT Inventory,95,4611440060,Part,EG7+BASE WCB 108825,Part Name/Description,EG7+BASE WCB 108825,[],[95],Preserve the candidate; do not create a part or tool-part relationship.,"[""DEFER"", ""SUPPLY_VERIFIED_VALUE"", ""MARK_NOT_APPLICABLE"", ""REJECT_WITH_REASON""]",DEFERRED,,,,
c6afcd7f-ee38-5dc5-9ad2-efc471e3128b,WARNING,POSSIBLE_PART_NOT_CONFIRMED,C:\Users\kgray\AppData\Local\EOAT Atlas Staging\rehearsals\4f26cee2-7849-48ba-b437-f8a2a5bb485e\frozen_source\01_EOAT_Audit\EOAT_Audit_Database\EOAT_Master_Tracker.xlsx,EOAT Inventory,96,4611440070,Part,EG7+BASE WCB 108822,Part Name/Description,EG7+BASE WCB 108822,[],[96],Preserve the candidate; do not create a part or tool-part relationship.,"[""DEFER"", ""SUPPLY_VERIFIED_VALUE"", ""MARK_NOT_APPLICABLE"", ""REJECT_WITH_REASON""]",DEFERRED,,,,
57e5e91a-2234-57f4-be07-f87e33a80622,WARNING,POSSIBLE_PART_NOT_CONFIRMED,C:\Users\kgray\AppData\Local\EOAT Atlas Staging\rehearsals\4f26cee2-7849-48ba-b437-f8a2a5bb485e\frozen_source\01_EOAT_Audit\EOAT_Audit_Database\EOAT_Master_Tracker.xlsx,EOAT Inventory,97,4611440080,Part,BG Base,Part Name/Description,BG Base,[],[97],Preserve the candidate; do not create a part or tool-part relationship.,"[""DEFER"", ""SUPPLY_VERIFIED_VALUE"", ""MARK_NOT_APPLICABLE"", ""REJECT_WITH_REASON""]",DEFERRED,,,,
9b54c7bb-23e9-567c-80c6-0d36fc98dbde,WARNING,POSSIBLE_PART_NOT_CONFIRMED,C:\Users\kgray\AppData\Local\EOAT Atlas Staging\rehearsals\4f26cee2-7849-48ba-b437-f8a2a5bb485e\frozen_source\01_EOAT_Audit\EOAT_Audit_Database\EOAT_Master_Tracker.xlsx,EOAT Inventory,98,4611440040,Part,BG Base,Part Name/Description,BG Base,[],[98],Preserve the candidate; do not create a part or tool-part relationship.,"[""DEFER"", ""SUPPLY_VERIFIED_VALUE"", ""MARK_NOT_APPLICABLE"", ""REJECT_WITH_REASON""]",DEFERRED,,,,
89a733f8-6ad8-5f73-9416-8127a9c1706f,WARNING,POSSIBLE_PART_NOT_CONFIRMED,C:\Users\kgray\AppData\Local\EOAT Atlas Staging\rehearsals\4f26cee2-7849-48ba-b437-f8a2a5bb485e\frozen_source\01_EOAT_Audit\EOAT_Audit_Database\EOAT_Master_Tracker.xlsx,EOAT Inventory,99,4611440080,Part,BG BASE TOOL,Part Name/Description,BG BASE TOOL,[],[99],Preserve the candidate; do not create a part or tool-part relationship.,"[""DEFER"", ""SUPPLY_VERIFIED_VALUE"", ""MARK_NOT_APPLICABLE"", ""REJECT_WITH_REASON""]",DEFERRED,,,,
d5b8fab0-c5f8-563b-a70a-24e5f3e78757,WARNING,INSTALLATION_DATE_UNKNOWN,C:\Users\kgray\AppData\Local\EOAT Atlas Staging\rehearsals\4f26cee2-7849-48ba-b437-f8a2a5bb485e\frozen_source\01_EOAT_Audit\EOAT_Audit_Database\EOAT_Master_Tracker.xlsx,EOAT Inventory,,CL-EOAT-0043,EOATInstallation,CL-EOAT-0043,installed_at,,[],[74],Do not fabricate installation history.,"[""DEFER"", ""SUPPLY_VERIFIED_VALUE"", ""MARK_NOT_APPLICABLE"", ""REJECT_WITH_REASON""]",DEFERRED,,,,
ab922bba-0457-5a38-bc55-e7f3630dee55,WARNING,CURRENT_LOCATION_UNKNOWN,C:\Users\kgray\AppData\Local\EOAT Atlas Staging\rehearsals\4f26cee2-7849-48ba-b437-f8a2a5bb485e\frozen_source\01_EOAT_Audit\EOAT_Audit_Database\EOAT_Master_Tracker.xlsx,EOAT Inventory,,CL-EOAT-0043,EOAT,CL-EOAT-0043,current_location,,[],[74],Return Unknown / Not Verified until authoritative evidence exists.,"[""DEFER"", ""SUPPLY_VERIFIED_VALUE"", ""MARK_NOT_APPLICABLE"", ""REJECT_WITH_REASON""]",DEFERRED,,,,
4c512070-07f8-53a8-9341-97b0a7feb4cc,WARNING,INSTALLATION_DATE_UNKNOWN,C:\Users\kgray\AppData\Local\EOAT Atlas Staging\rehearsals\4f26cee2-7849-48ba-b437-f8a2a5bb485e\frozen_source\01_EOAT_Audit\EOAT_Audit_Database\EOAT_Master_Tracker.xlsx,EOAT Inventory,,CL-EOAT-0044,EOATInstallation,CL-EOAT-0044,installed_at,,[],[75],Do not fabricate installation history.,"[""DEFER"", ""SUPPLY_VERIFIED_VALUE"", ""MARK_NOT_APPLICABLE"", ""REJECT_WITH_REASON""]",DEFERRED,,,,
a3b4ff90-2b2e-5e07-a5b0-ca05a7aa24e5,WARNING,CURRENT_LOCATION_UNKNOWN,C:\Users\kgray\AppData\Local\EOAT Atlas Staging\rehearsals\4f26cee2-7849-48ba-b437-f8a2a5bb485e\frozen_source\01_EOAT_Audit\EOAT_Audit_Database\EOAT_Master_Tracker.xlsx,EOAT Inventory,,CL-EOAT-0044,EOAT,CL-EOAT-0044,current_location,,[],[75],Return Unknown / Not Verified until authoritative evidence exists.,"[""DEFER"", ""SUPPLY_VERIFIED_VALUE"", ""MARK_NOT_APPLICABLE"", ""REJECT_WITH_REASON""]",DEFERRED,,,,
5bb10e1d-6b49-54d4-a418-a85b2a342c4f,WARNING,INSTALLATION_DATE_UNKNOWN,C:\Users\kgray\AppData\Local\EOAT Atlas Staging\rehearsals\4f26cee2-7849-48ba-b437-f8a2a5bb485e\frozen_source\01_EOAT_Audit\EOAT_Audit_Database\EOAT_Master_Tracker.xlsx,EOAT Inventory,,CL-EOAT-0045,EOATInstallation,CL-EOAT-0045,installed_at,,[],[76],Do not fabricate installation history.,"[""DEFER"", ""SUPPLY_VERIFIED_VALUE"", ""MARK_NOT_APPLICABLE"", ""REJECT_WITH_REASON""]",DEFERRED,,,,
5d22b232-613c-5ab6-8667-3e4b6e8cd3c0,WARNING,CURRENT_LOCATION_UNKNOWN,C:\Users\kgray\AppData\Local\EOAT Atlas Staging\rehearsals\4f26cee2-7849-48ba-b437-f8a2a5bb485e\frozen_source\01_EOAT_Audit\EOAT_Audit_Database\EOAT_Master_Tracker.xlsx,EOAT Inventory,,CL-EOAT-0045,EOAT,CL-EOAT-0045,current_location,,[],[76],Return Unknown / Not Verified until authoritative evidence exists.,"[""DEFER"", ""SUPPLY_VERIFIED_VALUE"", ""MARK_NOT_APPLICABLE"", ""REJECT_WITH_REASON""]",DEFERRED,,,,
eebe47c0-e5bc-5f71-bf0e-c5d6bd4728ab,WARNING,INSTALLATION_DATE_UNKNOWN,C:\Users\kgray\AppData\Local\EOAT Atlas Staging\rehearsals\4f26cee2-7849-48ba-b437-f8a2a5bb485e\frozen_source\01_EOAT_Audit\EOAT_Audit_Database\EOAT_Master_Tracker.xlsx,EOAT Inventory,,CL-EOAT-0046,EOATInstallation,CL-EOAT-0046,installed_at,,[],[77],Do not fabricate installation history.,"[""DEFER"", ""SUPPLY_VERIFIED_VALUE"", ""MARK_NOT_APPLICABLE"", ""REJECT_WITH_REASON""]",DEFERRED,,,,
66c68f24-7078-5993-b4c8-34e1a2215a49,WARNING,CURRENT_LOCATION_UNKNOWN,C:\Users\kgray\AppData\Local\EOAT Atlas Staging\rehearsals\4f26cee2-7849-48ba-b437-f8a2a5bb485e\frozen_source\01_EOAT_Audit\EOAT_Audit_Database\EOAT_Master_Tracker.xlsx,EOAT Inventory,,CL-EOAT-0046,EOAT,CL-EOAT-0046,current_location,,[],[77],Return Unknown / Not Verified until authoritative evidence exists.,"[""DEFER"", ""SUPPLY_VERIFIED_VALUE"", ""MARK_NOT_APPLICABLE"", ""REJECT_WITH_REASON""]",DEFERRED,,,,
6cad4031-89db-54ed-9f6c-0651d17d0e75,WARNING,INSTALLATION_DATE_UNKNOWN,C:\Users\kgray\AppData\Local\EOAT Atlas Staging\rehearsals\4f26cee2-7849-48ba-b437-f8a2a5bb485e\frozen_source\01_EOAT_Audit\EOAT_Audit_Database\EOAT_Master_Tracker.xlsx,EOAT Inventory,,CL-EOAT-0047,EOATInstallation,CL-EOAT-0047,installed_at,,[],"[78, 100]",Do not fabricate installation history.,"[""DEFER"", ""SUPPLY_VERIFIED_VALUE"", ""MARK_NOT_APPLICABLE"", ""REJECT_WITH_REASON""]",DEFERRED,,,,
6cdbdc65-2b3c-5e7e-a9eb-241de2f78174,WARNING,CURRENT_LOCATION_UNKNOWN,C:\Users\kgray\AppData\Local\EOAT Atlas Staging\rehearsals\4f26cee2-7849-48ba-b437-f8a2a5bb485e\frozen_source\01_EOAT_Audit\EOAT_Audit_Database\EOAT_Master_Tracker.xlsx,EOAT Inventory,,CL-EOAT-0047,EOAT,CL-EOAT-0047,current_location,,[],"[78, 100]",Return Unknown / Not Verified until authoritative evidence exists.,"[""DEFER"", ""SUPPLY_VERIFIED_VALUE"", ""MARK_NOT_APPLICABLE"", ""REJECT_WITH_REASON""]",DEFERRED,,,,
efdc1649-3127-52c3-9ba1-c93f05fddfde,WARNING,INSTALLATION_DATE_UNKNOWN,C:\Users\kgray\AppData\Local\EOAT Atlas Staging\rehearsals\4f26cee2-7849-48ba-b437-f8a2a5bb485e\frozen_source\01_EOAT_Audit\EOAT_Audit_Database\EOAT_Master_Tracker.xlsx,EOAT Inventory,,CL-EOAT-0048,EOATInstallation,CL-EOAT-0048,installed_at,,[],[79],Do not fabricate installation history.,"[""DEFER"", ""SUPPLY_VERIFIED_VALUE"", ""MARK_NOT_APPLICABLE"", ""REJECT_WITH_REASON""]",DEFERRED,,,,
0e1200f7-6ce5-5819-8c2b-b2a8dc815192,WARNING,CURRENT_LOCATION_UNKNOWN,C:\Users\kgray\AppData\Local\EOAT Atlas Staging\rehearsals\4f26cee2-7849-48ba-b437-f8a2a5bb485e\frozen_source\01_EOAT_Audit\EOAT_Audit_Database\EOAT_Master_Tracker.xlsx,EOAT Inventory,,CL-EOAT-0048,EOAT,CL-EOAT-0048,current_location,,[],[79],Return Unknown / Not Verified until authoritative evidence exists.,"[""DEFER"", ""SUPPLY_VERIFIED_VALUE"", ""MARK_NOT_APPLICABLE"", ""REJECT_WITH_REASON""]",DEFERRED,,,,
98986ebe-d0e4-544d-b098-f7f41a18b1c2,WARNING,INSTALLATION_DATE_UNKNOWN,C:\Users\kgray\AppData\Local\EOAT Atlas Staging\rehearsals\4f26cee2-7849-48ba-b437-f8a2a5bb485e\frozen_source\01_EOAT_Audit\EOAT_Audit_Database\EOAT_Master_Tracker.xlsx,EOAT Inventory,,CL-EOAT-0049,EOATInstallation,CL-EOAT-0049,installed_at,,[],"[80, 101, 102]",Do not fabricate installation history.,"[""DEFER"", ""SUPPLY_VERIFIED_VALUE"", ""MARK_NOT_APPLICABLE"", ""REJECT_WITH_REASON""]",DEFERRED,,,,
5e9e8af0-43e8-5e0e-96d9-836c37790cd6,WARNING,CURRENT_LOCATION_UNKNOWN,C:\Users\kgray\AppData\Local\EOAT Atlas Staging\rehearsals\4f26cee2-7849-48ba-b437-f8a2a5bb485e\frozen_source\01_EOAT_Audit\EOAT_Audit_Database\EOAT_Master_Tracker.xlsx,EOAT Inventory,,CL-EOAT-0049,EOAT,CL-EOAT-0049,current_location,,[],"[80, 101, 102]",Return Unknown / Not Verified until authoritative evidence exists.,"[""DEFER"", ""SUPPLY_VERIFIED_VALUE"", ""MARK_NOT_APPLICABLE"", ""REJECT_WITH_REASON""]",DEFERRED,,,,
c97a5b0c-9735-5621-88ab-b0a3906f9fcb,WARNING,INSTALLATION_DATE_UNKNOWN,C:\Users\kgray\AppData\Local\EOAT Atlas Staging\rehearsals\4f26cee2-7849-48ba-b437-f8a2a5bb485e\frozen_source\01_EOAT_Audit\EOAT_Audit_Database\EOAT_Master_Tracker.xlsx,EOAT Inventory,,CL-EOAT-0050,EOATInstallation,CL-EOAT-0050,installed_at,,[],"[81, 82, 83]",Do not fabricate installation history.,"[""DEFER"", ""SUPPLY_VERIFIED_VALUE"", ""MARK_NOT_APPLICABLE"", ""REJECT_WITH_REASON""]",DEFERRED,,,,
fe5a5c82-4f1c-5d72-a2a9-f364ee63f829,WARNING,CURRENT_LOCATION_UNKNOWN,C:\Users\kgray\AppData\Local\EOAT Atlas Staging\rehearsals\4f26cee2-7849-48ba-b437-f8a2a5bb485e\frozen_source\01_EOAT_Audit\EOAT_Audit_Database\EOAT_Master_Tracker.xlsx,EOAT Inventory,,CL-EOAT-0050,EOAT,CL-EOAT-0050,current_location,,[],"[81, 82, 83]",Return Unknown / Not Verified until authoritative evidence exists.,"[""DEFER"", ""SUPPLY_VERIFIED_VALUE"", ""MARK_NOT_APPLICABLE"", ""REJECT_WITH_REASON""]",DEFERRED,,,,
8c207943-ec9a-5b14-8f63-593d65e8f549,WARNING,INSTALLATION_DATE_UNKNOWN,C:\Users\kgray\AppData\Local\EOAT Atlas Staging\rehearsals\4f26cee2-7849-48ba-b437-f8a2a5bb485e\frozen_source\01_EOAT_Audit\EOAT_Audit_Database\EOAT_Master_Tracker.xlsx,EOAT Inventory,,CL-EOAT-0051,EOATInstallation,CL-EOAT-0051,installed_at,,[],[84],Do not fabricate installation history.,"[""DEFER"", ""SUPPLY_VERIFIED_VALUE"", ""MARK_NOT_APPLICABLE"", ""REJECT_WITH_REASON""]",DEFERRED,,,,
68a5d551-5e7d-58c9-a571-387b96d27ec3,WARNING,CURRENT_LOCATION_UNKNOWN,C:\Users\kgray\AppData\Local\EOAT Atlas Staging\rehearsals\4f26cee2-7849-48ba-b437-f8a2a5bb485e\frozen_source\01_EOAT_Audit\EOAT_Audit_Database\EOAT_Master_Tracker.xlsx,EOAT Inventory,,CL-EOAT-0051,EOAT,CL-EOAT-0051,current_location,,[],[84],Return Unknown / Not Verified until authoritative evidence exists.,"[""DEFER"", ""SUPPLY_VERIFIED_VALUE"", ""MARK_NOT_APPLICABLE"", ""REJECT_WITH_REASON""]",DEFERRED,,,,
9157db50-7b27-5b70-8166-d27215abf95a,WARNING,INSTALLATION_DATE_UNKNOWN,C:\Users\kgray\AppData\Local\EOAT Atlas Staging\rehearsals\4f26cee2-7849-48ba-b437-f8a2a5bb485e\frozen_source\01_EOAT_Audit\EOAT_Audit_Database\EOAT_Master_Tracker.xlsx,EOAT Inventory,,CL-EOAT-0052,EOATInstallation,CL-EOAT-0052,installed_at,,[],"[85, 86, 89]",Do not fabricate installation history.,"[""DEFER"", ""SUPPLY_VERIFIED_VALUE"", ""MARK_NOT_APPLICABLE"", ""REJECT_WITH_REASON""]",DEFERRED,,,,
a07affa5-880a-5a62-8421-40e0257f5ccc,WARNING,CURRENT_LOCATION_UNKNOWN,C:\Users\kgray\AppData\Local\EOAT Atlas Staging\rehearsals\4f26cee2-7849-48ba-b437-f8a2a5bb485e\frozen_source\01_EOAT_Audit\EOAT_Audit_Database\EOAT_Master_Tracker.xlsx,EOAT Inventory,,CL-EOAT-0052,EOAT,CL-EOAT-0052,current_location,,[],"[85, 86, 89]",Return Unknown / Not Verified until authoritative evidence exists.,"[""DEFER"", ""SUPPLY_VERIFIED_VALUE"", ""MARK_NOT_APPLICABLE"", ""REJECT_WITH_REASON""]",DEFERRED,,,,
2ff7e08c-80cb-587e-8599-d3864168df8a,WARNING,INSTALLATION_DATE_UNKNOWN,C:\Users\kgray\AppData\Local\EOAT Atlas Staging\rehearsals\4f26cee2-7849-48ba-b437-f8a2a5bb485e\frozen_source\01_EOAT_Audit\EOAT_Audit_Database\EOAT_Master_Tracker.xlsx,EOAT Inventory,,CL-EOAT-0053,EOATInstallation,CL-EOAT-0053,installed_at,,[],[87],Do not fabricate installation history.,"[""DEFER"", ""SUPPLY_VERIFIED_VALUE"", ""MARK_NOT_APPLICABLE"", ""REJECT_WITH_REASON""]",DEFERRED,,,,
a9dbf449-cd3a-530e-9b5e-a82d5384003e,WARNING,CURRENT_LOCATION_UNKNOWN,C:\Users\kgray\AppData\Local\EOAT Atlas Staging\rehearsals\4f26cee2-7849-48ba-b437-f8a2a5bb485e\frozen_source\01_EOAT_Audit\EOAT_Audit_Database\EOAT_Master_Tracker.xlsx,EOAT Inventory,,CL-EOAT-0053,EOAT,CL-EOAT-0053,current_location,,[],[87],Return Unknown / Not Verified until authoritative evidence exists.,"[""DEFER"", ""SUPPLY_VERIFIED_VALUE"", ""MARK_NOT_APPLICABLE"", ""REJECT_WITH_REASON""]",DEFERRED,,,,
2120f3c6-999f-5e57-9c80-99f85b7f34c5,WARNING,INSTALLATION_DATE_UNKNOWN,C:\Users\kgray\AppData\Local\EOAT Atlas Staging\rehearsals\4f26cee2-7849-48ba-b437-f8a2a5bb485e\frozen_source\01_EOAT_Audit\EOAT_Audit_Database\EOAT_Master_Tracker.xlsx,EOAT Inventory,,CL-EOAT-0054,EOATInstallation,CL-EOAT-0054,installed_at,,[],"[88, 92, 93]",Do not fabricate installation history.,"[""DEFER"", ""SUPPLY_VERIFIED_VALUE"", ""MARK_NOT_APPLICABLE"", ""REJECT_WITH_REASON""]",DEFERRED,,,,
7e5c1699-7edc-5663-b606-0879a9e5e1ff,WARNING,CURRENT_LOCATION_UNKNOWN,C:\Users\kgray\AppData\Local\EOAT Atlas Staging\rehearsals\4f26cee2-7849-48ba-b437-f8a2a5bb485e\frozen_source\01_EOAT_Audit\EOAT_Audit_Database\EOAT_Master_Tracker.xlsx,EOAT Inventory,,CL-EOAT-0054,EOAT,CL-EOAT-0054,current_location,,[],"[88, 92, 93]",Return Unknown / Not Verified until authoritative evidence exists.,"[""DEFER"", ""SUPPLY_VERIFIED_VALUE"", ""MARK_NOT_APPLICABLE"", ""REJECT_WITH_REASON""]",DEFERRED,,,,
80dc0fa2-2988-5dd6-a2b8-8fe3d8e6b53c,WARNING,INSTALLATION_DATE_UNKNOWN,C:\Users\kgray\AppData\Local\EOAT Atlas Staging\rehearsals\4f26cee2-7849-48ba-b437-f8a2a5bb485e\frozen_source\01_EOAT_Audit\EOAT_Audit_Database\EOAT_Master_Tracker.xlsx,EOAT Inventory,,CL-EOAT-0055,EOATInstallation,CL-EOAT-0055,installed_at,,[],[90],Do not fabricate installation history.,"[""DEFER"", ""SUPPLY_VERIFIED_VALUE"", ""MARK_NOT_APPLICABLE"", ""REJECT_WITH_REASON""]",DEFERRED,,,,
37bb6a0a-f4a2-5b0f-ac27-a8ffd0ba01f7,WARNING,CURRENT_LOCATION_UNKNOWN,C:\Users\kgray\AppData\Local\EOAT Atlas Staging\rehearsals\4f26cee2-7849-48ba-b437-f8a2a5bb485e\frozen_source\01_EOAT_Audit\EOAT_Audit_Database\EOAT_Master_Tracker.xlsx,EOAT Inventory,,CL-EOAT-0055,EOAT,CL-EOAT-0055,current_location,,[],[90],Return Unknown / Not Verified until authoritative evidence exists.,"[""DEFER"", ""SUPPLY_VERIFIED_VALUE"", ""MARK_NOT_APPLICABLE"", ""REJECT_WITH_REASON""]",DEFERRED,,,,
f7397a6c-fb14-515f-b8c2-d53b7020703f,WARNING,INSTALLATION_DATE_UNKNOWN,C:\Users\kgray\AppData\Local\EOAT Atlas Staging\rehearsals\4f26cee2-7849-48ba-b437-f8a2a5bb485e\frozen_source\01_EOAT_Audit\EOAT_Audit_Database\EOAT_Master_Tracker.xlsx,EOAT Inventory,,CL-EOAT-0056,EOATInstallation,CL-EOAT-0056,installed_at,,[],[91],Do not fabricate installation history.,"[""DEFER"", ""SUPPLY_VERIFIED_VALUE"", ""MARK_NOT_APPLICABLE"", ""REJECT_WITH_REASON""]",DEFERRED,,,,
bafe32ed-9a45-5eb7-b67c-be2c5bc5d61d,WARNING,CURRENT_LOCATION_UNKNOWN,C:\Users\kgray\AppData\Local\EOAT Atlas Staging\rehearsals\4f26cee2-7849-48ba-b437-f8a2a5bb485e\frozen_source\01_EOAT_Audit\EOAT_Audit_Database\EOAT_Master_Tracker.xlsx,EOAT Inventory,,CL-EOAT-0056,EOAT,CL-EOAT-0056,current_location,,[],[91],Return Unknown / Not Verified until authoritative evidence exists.,"[""DEFER"", ""SUPPLY_VERIFIED_VALUE"", ""MARK_NOT_APPLICABLE"", ""REJECT_WITH_REASON""]",DEFERRED,,,,
bd147705-7899-5d35-b78d-83d4a7abc2a9,WARNING,INSTALLATION_DATE_UNKNOWN,C:\Users\kgray\AppData\Local\EOAT Atlas Staging\rehearsals\4f26cee2-7849-48ba-b437-f8a2a5bb485e\frozen_source\01_EOAT_Audit\EOAT_Audit_Database\EOAT_Master_Tracker.xlsx,EOAT Inventory,,P4-EOAT-0001,EOATInstallation,P4-EOAT-0001,installed_at,,[],"[2, 5, 6, 7, 8, 9, 10]",Do not fabricate installation history.,"[""DEFER"", ""SUPPLY_VERIFIED_VALUE"", ""MARK_NOT_APPLICABLE"", ""REJECT_WITH_REASON""]",DEFERRED,,,,
176e709a-02b1-516f-9e2f-3e18fee7adc2,WARNING,CURRENT_LOCATION_UNKNOWN,C:\Users\kgray\AppData\Local\EOAT Atlas Staging\rehearsals\4f26cee2-7849-48ba-b437-f8a2a5bb485e\frozen_source\01_EOAT_Audit\EOAT_Audit_Database\EOAT_Master_Tracker.xlsx,EOAT Inventory,,P4-EOAT-0001,EOAT,P4-EOAT-0001,current_location,,[],"[2, 5, 6, 7, 8, 9, 10]",Return Unknown / Not Verified until authoritative evidence exists.,"[""DEFER"", ""SUPPLY_VERIFIED_VALUE"", ""MARK_NOT_APPLICABLE"", ""REJECT_WITH_REASON""]",DEFERRED,,,,
46da3246-8300-50d3-95a7-31bf79c892ab,WARNING,INSTALLATION_DATE_UNKNOWN,C:\Users\kgray\AppData\Local\EOAT Atlas Staging\rehearsals\4f26cee2-7849-48ba-b437-f8a2a5bb485e\frozen_source\01_EOAT_Audit\EOAT_Audit_Database\EOAT_Master_Tracker.xlsx,EOAT Inventory,,P4-EOAT-0002,EOATInstallation,P4-EOAT-0002,installed_at,,[],"[3, 11]",Do not fabricate installation history.,"[""DEFER"", ""SUPPLY_VERIFIED_VALUE"", ""MARK_NOT_APPLICABLE"", ""REJECT_WITH_REASON""]",DEFERRED,,,,
b3b3a357-ff48-5d45-afe9-5bf98c3d9657,WARNING,CURRENT_LOCATION_UNKNOWN,C:\Users\kgray\AppData\Local\EOAT Atlas Staging\rehearsals\4f26cee2-7849-48ba-b437-f8a2a5bb485e\frozen_source\01_EOAT_Audit\EOAT_Audit_Database\EOAT_Master_Tracker.xlsx,EOAT Inventory,,P4-EOAT-0002,EOAT,P4-EOAT-0002,current_location,,[],"[3, 11]",Return Unknown / Not Verified until authoritative evidence exists.,"[""DEFER"", ""SUPPLY_VERIFIED_VALUE"", ""MARK_NOT_APPLICABLE"", ""REJECT_WITH_REASON""]",DEFERRED,,,,
2c38a6fd-5cd1-5232-b89e-b102dfe452b0,WARNING,INSTALLATION_DATE_UNKNOWN,C:\Users\kgray\AppData\Local\EOAT Atlas Staging\rehearsals\4f26cee2-7849-48ba-b437-f8a2a5bb485e\frozen_source\01_EOAT_Audit\EOAT_Audit_Database\EOAT_Master_Tracker.xlsx,EOAT Inventory,,P4-EOAT-0003,EOATInstallation,P4-EOAT-0003,installed_at,,[],"[4, 12]",Do not fabricate installation history.,"[""DEFER"", ""SUPPLY_VERIFIED_VALUE"", ""MARK_NOT_APPLICABLE"", ""REJECT_WITH_REASON""]",DEFERRED,,,,
8ee19ad0-36f6-523d-b223-fdb7d7e682d1,WARNING,CURRENT_LOCATION_UNKNOWN,C:\Users\kgray\AppData\Local\EOAT Atlas Staging\rehearsals\4f26cee2-7849-48ba-b437-f8a2a5bb485e\frozen_source\01_EOAT_Audit\EOAT_Audit_Database\EOAT_Master_Tracker.xlsx,EOAT Inventory,,P4-EOAT-0003,EOAT,P4-EOAT-0003,current_location,,[],"[4, 12]",Return Unknown / Not Verified until authoritative evidence exists.,"[""DEFER"", ""SUPPLY_VERIFIED_VALUE"", ""MARK_NOT_APPLICABLE"", ""REJECT_WITH_REASON""]",DEFERRED,,,,
557cf860-9b26-542f-9deb-2ba42128ed69,WARNING,INSTALLATION_DATE_UNKNOWN,C:\Users\kgray\AppData\Local\EOAT Atlas Staging\rehearsals\4f26cee2-7849-48ba-b437-f8a2a5bb485e\frozen_source\01_EOAT_Audit\EOAT_Audit_Database\EOAT_Master_Tracker.xlsx,EOAT Inventory,,P4-EOAT-0004,EOATInstallation,P4-EOAT-0004,installed_at,,[],"[13, 17, 18, 19, 20, 21, 22, 23, 24]",Do not fabricate installation history.,"[""DEFER"", ""SUPPLY_VERIFIED_VALUE"", ""MARK_NOT_APPLICABLE"", ""REJECT_WITH_REASON""]",DEFERRED,,,,
57080a7e-3567-5bc2-865c-f39692521d7e,WARNING,CURRENT_LOCATION_UNKNOWN,C:\Users\kgray\AppData\Local\EOAT Atlas Staging\rehearsals\4f26cee2-7849-48ba-b437-f8a2a5bb485e\frozen_source\01_EOAT_Audit\EOAT_Audit_Database\EOAT_Master_Tracker.xlsx,EOAT Inventory,,P4-EOAT-0004,EOAT,P4-EOAT-0004,current_location,,[],"[13, 17, 18, 19, 20, 21, 22, 23, 24]",Return Unknown / Not Verified until authoritative evidence exists.,"[""DEFER"", ""SUPPLY_VERIFIED_VALUE"", ""MARK_NOT_APPLICABLE"", ""REJECT_WITH_REASON""]",DEFERRED,,,,
43f855e8-8c2a-5052-b6db-bc49de50b334,WARNING,INSTALLATION_DATE_UNKNOWN,C:\Users\kgray\AppData\Local\EOAT Atlas Staging\rehearsals\4f26cee2-7849-48ba-b437-f8a2a5bb485e\frozen_source\01_EOAT_Audit\EOAT_Audit_Database\EOAT_Master_Tracker.xlsx,EOAT Inventory,,P4-EOAT-0005,EOATInstallation,P4-EOAT-0005,installed_at,,[],[14],Do not fabricate installation history.,"[""DEFER"", ""SUPPLY_VERIFIED_VALUE"", ""MARK_NOT_APPLICABLE"", ""REJECT_WITH_REASON""]",DEFERRED,,,,
04190cda-78cd-53f2-a3d9-b9ba8eab6ced,WARNING,CURRENT_LOCATION_UNKNOWN,C:\Users\kgray\AppData\Local\EOAT Atlas Staging\rehearsals\4f26cee2-7849-48ba-b437-f8a2a5bb485e\frozen_source\01_EOAT_Audit\EOAT_Audit_Database\EOAT_Master_Tracker.xlsx,EOAT Inventory,,P4-EOAT-0005,EOAT,P4-EOAT-0005,current_location,,[],[14],Return Unknown / Not Verified until authoritative evidence exists.,"[""DEFER"", ""SUPPLY_VERIFIED_VALUE"", ""MARK_NOT_APPLICABLE"", ""REJECT_WITH_REASON""]",DEFERRED,,,,
5df33bbd-b467-53df-bdde-d698d9dfbc09,WARNING,INSTALLATION_DATE_UNKNOWN,C:\Users\kgray\AppData\Local\EOAT Atlas Staging\rehearsals\4f26cee2-7849-48ba-b437-f8a2a5bb485e\frozen_source\01_EOAT_Audit\EOAT_Audit_Database\EOAT_Master_Tracker.xlsx,EOAT Inventory,,P4-EOAT-0006,EOATInstallation,P4-EOAT-0006,installed_at,,[],[15],Do not fabricate installation history.,"[""DEFER"", ""SUPPLY_VERIFIED_VALUE"", ""MARK_NOT_APPLICABLE"", ""REJECT_WITH_REASON""]",DEFERRED,,,,
42fd1121-a3ff-5909-9455-dd917a5db782,WARNING,CURRENT_LOCATION_UNKNOWN,C:\Users\kgray\AppData\Local\EOAT Atlas Staging\rehearsals\4f26cee2-7849-48ba-b437-f8a2a5bb485e\frozen_source\01_EOAT_Audit\EOAT_Audit_Database\EOAT_Master_Tracker.xlsx,EOAT Inventory,,P4-EOAT-0006,EOAT,P4-EOAT-0006,current_location,,[],[15],Return Unknown / Not Verified until authoritative evidence exists.,"[""DEFER"", ""SUPPLY_VERIFIED_VALUE"", ""MARK_NOT_APPLICABLE"", ""REJECT_WITH_REASON""]",DEFERRED,,,,
731def17-8261-5beb-ae6f-5ade3d66c72c,WARNING,INSTALLATION_DATE_UNKNOWN,C:\Users\kgray\AppData\Local\EOAT Atlas Staging\rehearsals\4f26cee2-7849-48ba-b437-f8a2a5bb485e\frozen_source\01_EOAT_Audit\EOAT_Audit_Database\EOAT_Master_Tracker.xlsx,EOAT Inventory,,P4-EOAT-0007,EOATInstallation,P4-EOAT-0007,installed_at,,[],"[16, 25]",Do not fabricate installation history.,"[""DEFER"", ""SUPPLY_VERIFIED_VALUE"", ""MARK_NOT_APPLICABLE"", ""REJECT_WITH_REASON""]",DEFERRED,,,,
b51ac699-b815-5a9e-b302-bc952b715f7b,WARNING,CURRENT_LOCATION_UNKNOWN,C:\Users\kgray\AppData\Local\EOAT Atlas Staging\rehearsals\4f26cee2-7849-48ba-b437-f8a2a5bb485e\frozen_source\01_EOAT_Audit\EOAT_Audit_Database\EOAT_Master_Tracker.xlsx,EOAT Inventory,,P4-EOAT-0007,EOAT,P4-EOAT-0007,current_location,,[],"[16, 25]",Return Unknown / Not Verified until authoritative evidence exists.,"[""DEFER"", ""SUPPLY_VERIFIED_VALUE"", ""MARK_NOT_APPLICABLE"", ""REJECT_WITH_REASON""]",DEFERRED,,,,
e982844e-c833-54e1-a518-29509715c25e,WARNING,INSTALLATION_DATE_UNKNOWN,C:\Users\kgray\AppData\Local\EOAT Atlas Staging\rehearsals\4f26cee2-7849-48ba-b437-f8a2a5bb485e\frozen_source\01_EOAT_Audit\EOAT_Audit_Database\EOAT_Master_Tracker.xlsx,EOAT Inventory,,P4-EOAT-0008,EOATInstallation,P4-EOAT-0008,installed_at,,[],"[26, 36, 37]",Do not fabricate installation history.,"[""DEFER"", ""SUPPLY_VERIFIED_VALUE"", ""MARK_NOT_APPLICABLE"", ""REJECT_WITH_REASON""]",DEFERRED,,,,
7798673d-df3b-5de9-aecb-cac198053123,WARNING,CURRENT_LOCATION_UNKNOWN,C:\Users\kgray\AppData\Local\EOAT Atlas Staging\rehearsals\4f26cee2-7849-48ba-b437-f8a2a5bb485e\frozen_source\01_EOAT_Audit\EOAT_Audit_Database\EOAT_Master_Tracker.xlsx,EOAT Inventory,,P4-EOAT-0008,EOAT,P4-EOAT-0008,current_location,,[],"[26, 36, 37]",Return Unknown / Not Verified until authoritative evidence exists.,"[""DEFER"", ""SUPPLY_VERIFIED_VALUE"", ""MARK_NOT_APPLICABLE"", ""REJECT_WITH_REASON""]",DEFERRED,,,,
c60df95b-44c6-5fec-b2ec-f623cb20521a,WARNING,INSTALLATION_DATE_UNKNOWN,C:\Users\kgray\AppData\Local\EOAT Atlas Staging\rehearsals\4f26cee2-7849-48ba-b437-f8a2a5bb485e\frozen_source\01_EOAT_Audit\EOAT_Audit_Database\EOAT_Master_Tracker.xlsx,EOAT Inventory,,P4-EOAT-0009,EOATInstallation,P4-EOAT-0009,installed_at,,[],"[27, 40]",Do not fabricate installation history.,"[""DEFER"", ""SUPPLY_VERIFIED_VALUE"", ""MARK_NOT_APPLICABLE"", ""REJECT_WITH_REASON""]",DEFERRED,,,,
0a9f07ce-94ad-5927-9725-0be4fa412f10,WARNING,CURRENT_LOCATION_UNKNOWN,C:\Users\kgray\AppData\Local\EOAT Atlas Staging\rehearsals\4f26cee2-7849-48ba-b437-f8a2a5bb485e\frozen_source\01_EOAT_Audit\EOAT_Audit_Database\EOAT_Master_Tracker.xlsx,EOAT Inventory,,P4-EOAT-0009,EOAT,P4-EOAT-0009,current_location,,[],"[27, 40]",Return Unknown / Not Verified until authoritative evidence exists.,"[""DEFER"", ""SUPPLY_VERIFIED_VALUE"", ""MARK_NOT_APPLICABLE"", ""REJECT_WITH_REASON""]",DEFERRED,,,,
fa69ec5b-b698-5c81-9a2a-eb627736922c,WARNING,INSTALLATION_DATE_UNKNOWN,C:\Users\kgray\AppData\Local\EOAT Atlas Staging\rehearsals\4f26cee2-7849-48ba-b437-f8a2a5bb485e\frozen_source\01_EOAT_Audit\EOAT_Audit_Database\EOAT_Master_Tracker.xlsx,EOAT Inventory,,P4-EOAT-0010,EOATInstallation,P4-EOAT-0010,installed_at,,[],[28],Do not fabricate installation history.,"[""DEFER"", ""SUPPLY_VERIFIED_VALUE"", ""MARK_NOT_APPLICABLE"", ""REJECT_WITH_REASON""]",DEFERRED,,,,
219992a8-31b5-5935-85f5-a3091da90f18,WARNING,CURRENT_LOCATION_UNKNOWN,C:\Users\kgray\AppData\Local\EOAT Atlas Staging\rehearsals\4f26cee2-7849-48ba-b437-f8a2a5bb485e\frozen_source\01_EOAT_Audit\EOAT_Audit_Database\EOAT_Master_Tracker.xlsx,EOAT Inventory,,P4-EOAT-0010,EOAT,P4-EOAT-0010,current_location,,[],[28],Return Unknown / Not Verified until authoritative evidence exists.,"[""DEFER"", ""SUPPLY_VERIFIED_VALUE"", ""MARK_NOT_APPLICABLE"", ""REJECT_WITH_REASON""]",DEFERRED,,,,
f52c2a88-e435-5945-8439-1b8c65b003b8,WARNING,INSTALLATION_DATE_UNKNOWN,C:\Users\kgray\AppData\Local\EOAT Atlas Staging\rehearsals\4f26cee2-7849-48ba-b437-f8a2a5bb485e\frozen_source\01_EOAT_Audit\EOAT_Audit_Database\EOAT_Master_Tracker.xlsx,EOAT Inventory,,P4-EOAT-0011,EOATInstallation,P4-EOAT-0011,installed_at,,[],[29],Do not fabricate installation history.,"[""DEFER"", ""SUPPLY_VERIFIED_VALUE"", ""MARK_NOT_APPLICABLE"", ""REJECT_WITH_REASON""]",DEFERRED,,,,
14222299-c5e0-54af-8bba-0c912c1d0105,WARNING,CURRENT_LOCATION_UNKNOWN,C:\Users\kgray\AppData\Local\EOAT Atlas Staging\rehearsals\4f26cee2-7849-48ba-b437-f8a2a5bb485e\frozen_source\01_EOAT_Audit\EOAT_Audit_Database\EOAT_Master_Tracker.xlsx,EOAT Inventory,,P4-EOAT-0011,EOAT,P4-EOAT-0011,current_location,,[],[29],Return Unknown / Not Verified until authoritative evidence exists.,"[""DEFER"", ""SUPPLY_VERIFIED_VALUE"", ""MARK_NOT_APPLICABLE"", ""REJECT_WITH_REASON""]",DEFERRED,,,,
dd6da384-df3c-5c92-992d-2a8e1e9c0d98,WARNING,INSTALLATION_DATE_UNKNOWN,C:\Users\kgray\AppData\Local\EOAT Atlas Staging\rehearsals\4f26cee2-7849-48ba-b437-f8a2a5bb485e\frozen_source\01_EOAT_Audit\EOAT_Audit_Database\EOAT_Master_Tracker.xlsx,EOAT Inventory,,P4-EOAT-0012,EOATInstallation,P4-EOAT-0012,installed_at,,[],"[30, 32, 33]",Do not fabricate installation history.,"[""DEFER"", ""SUPPLY_VERIFIED_VALUE"", ""MARK_NOT_APPLICABLE"", ""REJECT_WITH_REASON""]",DEFERRED,,,,
4a8297ae-1f41-5398-9b09-9206300f7624,WARNING,CURRENT_LOCATION_UNKNOWN,C:\Users\kgray\AppData\Local\EOAT Atlas Staging\rehearsals\4f26cee2-7849-48ba-b437-f8a2a5bb485e\frozen_source\01_EOAT_Audit\EOAT_Audit_Database\EOAT_Master_Tracker.xlsx,EOAT Inventory,,P4-EOAT-0012,EOAT,P4-EOAT-0012,current_location,,[],"[30, 32, 33]",Return Unknown / Not Verified until authoritative evidence exists.,"[""DEFER"", ""SUPPLY_VERIFIED_VALUE"", ""MARK_NOT_APPLICABLE"", ""REJECT_WITH_REASON""]",DEFERRED,,,,
ab280b90-0f6b-59e3-b4c6-8856f333d379,WARNING,INSTALLATION_DATE_UNKNOWN,C:\Users\kgray\AppData\Local\EOAT Atlas Staging\rehearsals\4f26cee2-7849-48ba-b437-f8a2a5bb485e\frozen_source\01_EOAT_Audit\EOAT_Audit_Database\EOAT_Master_Tracker.xlsx,EOAT Inventory,,P4-EOAT-0013,EOATInstallation,P4-EOAT-0013,installed_at,,[],"[31, 38, 39]",Do not fabricate installation history.,"[""DEFER"", ""SUPPLY_VERIFIED_VALUE"", ""MARK_NOT_APPLICABLE"", ""REJECT_WITH_REASON""]",DEFERRED,,,,
008cdcf1-852e-5066-9e99-2f8b741bbc64,WARNING,CURRENT_LOCATION_UNKNOWN,C:\Users\kgray\AppData\Local\EOAT Atlas Staging\rehearsals\4f26cee2-7849-48ba-b437-f8a2a5bb485e\frozen_source\01_EOAT_Audit\EOAT_Audit_Database\EOAT_Master_Tracker.xlsx,EOAT Inventory,,P4-EOAT-0013,EOAT,P4-EOAT-0013,current_location,,[],"[31, 38, 39]",Return Unknown / Not Verified until authoritative evidence exists.,"[""DEFER"", ""SUPPLY_VERIFIED_VALUE"", ""MARK_NOT_APPLICABLE"", ""REJECT_WITH_REASON""]",DEFERRED,,,,
77962dbb-6a13-5779-a433-b2b011cb1ac0,WARNING,INSTALLATION_DATE_UNKNOWN,C:\Users\kgray\AppData\Local\EOAT Atlas Staging\rehearsals\4f26cee2-7849-48ba-b437-f8a2a5bb485e\frozen_source\01_EOAT_Audit\EOAT_Audit_Database\EOAT_Master_Tracker.xlsx,EOAT Inventory,,P4-EOAT-0014,EOATInstallation,P4-EOAT-0014,installed_at,,[],[34],Do not fabricate installation history.,"[""DEFER"", ""SUPPLY_VERIFIED_VALUE"", ""MARK_NOT_APPLICABLE"", ""REJECT_WITH_REASON""]",DEFERRED,,,,
49608b8b-5c9a-58c9-bf11-e551c878745f,WARNING,CURRENT_LOCATION_UNKNOWN,C:\Users\kgray\AppData\Local\EOAT Atlas Staging\rehearsals\4f26cee2-7849-48ba-b437-f8a2a5bb485e\frozen_source\01_EOAT_Audit\EOAT_Audit_Database\EOAT_Master_Tracker.xlsx,EOAT Inventory,,P4-EOAT-0014,EOAT,P4-EOAT-0014,current_location,,[],[34],Return Unknown / Not Verified until authoritative evidence exists.,"[""DEFER"", ""SUPPLY_VERIFIED_VALUE"", ""MARK_NOT_APPLICABLE"", ""REJECT_WITH_REASON""]",DEFERRED,,,,
29b11807-85de-5ea1-b930-8e191dee9efc,WARNING,INSTALLATION_DATE_UNKNOWN,C:\Users\kgray\AppData\Local\EOAT Atlas Staging\rehearsals\4f26cee2-7849-48ba-b437-f8a2a5bb485e\frozen_source\01_EOAT_Audit\EOAT_Audit_Database\EOAT_Master_Tracker.xlsx,EOAT Inventory,,P4-EOAT-0015,EOATInstallation,P4-EOAT-0015,installed_at,,[],[35],Do not fabricate installation history.,"[""DEFER"", ""SUPPLY_VERIFIED_VALUE"", ""MARK_NOT_APPLICABLE"", ""REJECT_WITH_REASON""]",DEFERRED,,,,
272bb36d-42a7-54e4-9ade-059d0ddb77fa,WARNING,CURRENT_LOCATION_UNKNOWN,C:\Users\kgray\AppData\Local\EOAT Atlas Staging\rehearsals\4f26cee2-7849-48ba-b437-f8a2a5bb485e\frozen_source\01_EOAT_Audit\EOAT_Audit_Database\EOAT_Master_Tracker.xlsx,EOAT Inventory,,P4-EOAT-0015,EOAT,P4-EOAT-0015,current_location,,[],[35],Return Unknown / Not Verified until authoritative evidence exists.,"[""DEFER"", ""SUPPLY_VERIFIED_VALUE"", ""MARK_NOT_APPLICABLE"", ""REJECT_WITH_REASON""]",DEFERRED,,,,
b9b5f3d7-86fc-5f48-a582-019bd75fbb57,WARNING,INSTALLATION_DATE_UNKNOWN,C:\Users\kgray\AppData\Local\EOAT Atlas Staging\rehearsals\4f26cee2-7849-48ba-b437-f8a2a5bb485e\frozen_source\01_EOAT_Audit\EOAT_Audit_Database\EOAT_Master_Tracker.xlsx,EOAT Inventory,,P4-EOAT-0016,EOATInstallation,P4-EOAT-0016,installed_at,,[],[41],Do not fabricate installation history.,"[""DEFER"", ""SUPPLY_VERIFIED_VALUE"", ""MARK_NOT_APPLICABLE"", ""REJECT_WITH_REASON""]",DEFERRED,,,,
78639f01-8a2f-5f70-8640-9cee9a6be68b,WARNING,CURRENT_LOCATION_UNKNOWN,C:\Users\kgray\AppData\Local\EOAT Atlas Staging\rehearsals\4f26cee2-7849-48ba-b437-f8a2a5bb485e\frozen_source\01_EOAT_Audit\EOAT_Audit_Database\EOAT_Master_Tracker.xlsx,EOAT Inventory,,P4-EOAT-0016,EOAT,P4-EOAT-0016,current_location,,[],[41],Return Unknown / Not Verified until authoritative evidence exists.,"[""DEFER"", ""SUPPLY_VERIFIED_VALUE"", ""MARK_NOT_APPLICABLE"", ""REJECT_WITH_REASON""]",DEFERRED,,,,
3cb7ef3d-88f3-51bb-a159-f55097efbaa7,WARNING,INSTALLATION_DATE_UNKNOWN,C:\Users\kgray\AppData\Local\EOAT Atlas Staging\rehearsals\4f26cee2-7849-48ba-b437-f8a2a5bb485e\frozen_source\01_EOAT_Audit\EOAT_Audit_Database\EOAT_Master_Tracker.xlsx,EOAT Inventory,,P4-EOAT-0017,EOATInstallation,P4-EOAT-0017,installed_at,,[],"[42, 43]",Do not fabricate installation history.,"[""DEFER"", ""SUPPLY_VERIFIED_VALUE"", ""MARK_NOT_APPLICABLE"", ""REJECT_WITH_REASON""]",DEFERRED,,,,
ee465751-8668-5814-a2ed-8da0ebe46fc5,WARNING,CURRENT_LOCATION_UNKNOWN,C:\Users\kgray\AppData\Local\EOAT Atlas Staging\rehearsals\4f26cee2-7849-48ba-b437-f8a2a5bb485e\frozen_source\01_EOAT_Audit\EOAT_Audit_Database\EOAT_Master_Tracker.xlsx,EOAT Inventory,,P4-EOAT-0017,EOAT,P4-EOAT-0017,current_location,,[],"[42, 43]",Return Unknown / Not Verified until authoritative evidence exists.,"[""DEFER"", ""SUPPLY_VERIFIED_VALUE"", ""MARK_NOT_APPLICABLE"", ""REJECT_WITH_REASON""]",DEFERRED,,,,
a27192de-057e-55cd-868f-e3815f9efab5,WARNING,INSTALLATION_DATE_UNKNOWN,C:\Users\kgray\AppData\Local\EOAT Atlas Staging\rehearsals\4f26cee2-7849-48ba-b437-f8a2a5bb485e\frozen_source\01_EOAT_Audit\EOAT_Audit_Database\EOAT_Master_Tracker.xlsx,EOAT Inventory,,P4-EOAT-0018,EOATInstallation,P4-EOAT-0018,installed_at,,[],"[44, 70]",Do not fabricate installation history.,"[""DEFER"", ""SUPPLY_VERIFIED_VALUE"", ""MARK_NOT_APPLICABLE"", ""REJECT_WITH_REASON""]",DEFERRED,,,,
a7776ee0-690b-5f08-9161-466a7ff0c453,WARNING,CURRENT_LOCATION_UNKNOWN,C:\Users\kgray\AppData\Local\EOAT Atlas Staging\rehearsals\4f26cee2-7849-48ba-b437-f8a2a5bb485e\frozen_source\01_EOAT_Audit\EOAT_Audit_Database\EOAT_Master_Tracker.xlsx,EOAT Inventory,,P4-EOAT-0018,EOAT,P4-EOAT-0018,current_location,,[],"[44, 70]",Return Unknown / Not Verified until authoritative evidence exists.,"[""DEFER"", ""SUPPLY_VERIFIED_VALUE"", ""MARK_NOT_APPLICABLE"", ""REJECT_WITH_REASON""]",DEFERRED,,,,
bf07a969-e41f-55de-884a-4ceeae44122e,WARNING,INSTALLATION_DATE_UNKNOWN,C:\Users\kgray\AppData\Local\EOAT Atlas Staging\rehearsals\4f26cee2-7849-48ba-b437-f8a2a5bb485e\frozen_source\01_EOAT_Audit\EOAT_Audit_Database\EOAT_Master_Tracker.xlsx,EOAT Inventory,,P4-EOAT-0019,EOATInstallation,P4-EOAT-0019,installed_at,,[],"[45, 46]",Do not fabricate installation history.,"[""DEFER"", ""SUPPLY_VERIFIED_VALUE"", ""MARK_NOT_APPLICABLE"", ""REJECT_WITH_REASON""]",DEFERRED,,,,
f008afb9-131e-535e-878f-1a05ae05e3ed,WARNING,CURRENT_LOCATION_UNKNOWN,C:\Users\kgray\AppData\Local\EOAT Atlas Staging\rehearsals\4f26cee2-7849-48ba-b437-f8a2a5bb485e\frozen_source\01_EOAT_Audit\EOAT_Audit_Database\EOAT_Master_Tracker.xlsx,EOAT Inventory,,P4-EOAT-0019,EOAT,P4-EOAT-0019,current_location,,[],"[45, 46]",Return Unknown / Not Verified until authoritative evidence exists.,"[""DEFER"", ""SUPPLY_VERIFIED_VALUE"", ""MARK_NOT_APPLICABLE"", ""REJECT_WITH_REASON""]",DEFERRED,,,,
9768faa4-ffcd-57f8-8d04-8cf9e89d23d8,WARNING,INSTALLATION_DATE_UNKNOWN,C:\Users\kgray\AppData\Local\EOAT Atlas Staging\rehearsals\4f26cee2-7849-48ba-b437-f8a2a5bb485e\frozen_source\01_EOAT_Audit\EOAT_Audit_Database\EOAT_Master_Tracker.xlsx,EOAT Inventory,,P4-EOAT-0020,EOATInstallation,P4-EOAT-0020,installed_at,,[],[47],Do not fabricate installation history.,"[""DEFER"", ""SUPPLY_VERIFIED_VALUE"", ""MARK_NOT_APPLICABLE"", ""REJECT_WITH_REASON""]",DEFERRED,,,,
8620dcc4-1b5f-5a87-9d19-501687522ad7,WARNING,CURRENT_LOCATION_UNKNOWN,C:\Users\kgray\AppData\Local\EOAT Atlas Staging\rehearsals\4f26cee2-7849-48ba-b437-f8a2a5bb485e\frozen_source\01_EOAT_Audit\EOAT_Audit_Database\EOAT_Master_Tracker.xlsx,EOAT Inventory,,P4-EOAT-0020,EOAT,P4-EOAT-0020,current_location,,[],[47],Return Unknown / Not Verified until authoritative evidence exists.,"[""DEFER"", ""SUPPLY_VERIFIED_VALUE"", ""MARK_NOT_APPLICABLE"", ""REJECT_WITH_REASON""]",DEFERRED,,,,
e7afd987-3e0e-562b-ae6f-9d2b2a39b0c0,WARNING,INSTALLATION_DATE_UNKNOWN,C:\Users\kgray\AppData\Local\EOAT Atlas Staging\rehearsals\4f26cee2-7849-48ba-b437-f8a2a5bb485e\frozen_source\01_EOAT_Audit\EOAT_Audit_Database\EOAT_Master_Tracker.xlsx,EOAT Inventory,,P4-EOAT-0021,EOATInstallation,P4-EOAT-0021,installed_at,,[],[48],Do not fabricate installation history.,"[""DEFER"", ""SUPPLY_VERIFIED_VALUE"", ""MARK_NOT_APPLICABLE"", ""REJECT_WITH_REASON""]",DEFERRED,,,,
8ead0b17-001b-5c08-8202-227a1892764f,WARNING,CURRENT_LOCATION_UNKNOWN,C:\Users\kgray\AppData\Local\EOAT Atlas Staging\rehearsals\4f26cee2-7849-48ba-b437-f8a2a5bb485e\frozen_source\01_EOAT_Audit\EOAT_Audit_Database\EOAT_Master_Tracker.xlsx,EOAT Inventory,,P4-EOAT-0021,EOAT,P4-EOAT-0021,current_location,,[],[48],Return Unknown / Not Verified until authoritative evidence exists.,"[""DEFER"", ""SUPPLY_VERIFIED_VALUE"", ""MARK_NOT_APPLICABLE"", ""REJECT_WITH_REASON""]",DEFERRED,,,,
9d33971c-52dd-58fa-ade6-cd796bbe5267,WARNING,INSTALLATION_DATE_UNKNOWN,C:\Users\kgray\AppData\Local\EOAT Atlas Staging\rehearsals\4f26cee2-7849-48ba-b437-f8a2a5bb485e\frozen_source\01_EOAT_Audit\EOAT_Audit_Database\EOAT_Master_Tracker.xlsx,EOAT Inventory,,P4-EOAT-0023,EOATInstallation,P4-EOAT-0023,installed_at,,[],"[49, 103]",Do not fabricate installation history.,"[""DEFER"", ""SUPPLY_VERIFIED_VALUE"", ""MARK_NOT_APPLICABLE"", ""REJECT_WITH_REASON""]",DEFERRED,,,,
bfe9573a-eefd-5b1a-84c5-ab85bbae57dc,WARNING,CURRENT_LOCATION_UNKNOWN,C:\Users\kgray\AppData\Local\EOAT Atlas Staging\rehearsals\4f26cee2-7849-48ba-b437-f8a2a5bb485e\frozen_source\01_EOAT_Audit\EOAT_Audit_Database\EOAT_Master_Tracker.xlsx,EOAT Inventory,,P4-EOAT-0023,EOAT,P4-EOAT-0023,current_location,,[],"[49, 103]",Return Unknown / Not Verified until authoritative evidence exists.,"[""DEFER"", ""SUPPLY_VERIFIED_VALUE"", ""MARK_NOT_APPLICABLE"", ""REJECT_WITH_REASON""]",DEFERRED,,,,
3ccff48f-7058-5853-a29d-39ed8fad79f3,WARNING,INSTALLATION_DATE_UNKNOWN,C:\Users\kgray\AppData\Local\EOAT Atlas Staging\rehearsals\4f26cee2-7849-48ba-b437-f8a2a5bb485e\frozen_source\01_EOAT_Audit\EOAT_Audit_Database\EOAT_Master_Tracker.xlsx,EOAT Inventory,,P4-EOAT-0024,EOATInstallation,P4-EOAT-0024,installed_at,,[],"[50, 67]",Do not fabricate installation history.,"[""DEFER"", ""SUPPLY_VERIFIED_VALUE"", ""MARK_NOT_APPLICABLE"", ""REJECT_WITH_REASON""]",DEFERRED,,,,
203a90ea-e620-5e46-8a65-c422ab32fcbc,WARNING,CURRENT_LOCATION_UNKNOWN,C:\Users\kgray\AppData\Local\EOAT Atlas Staging\rehearsals\4f26cee2-7849-48ba-b437-f8a2a5bb485e\frozen_source\01_EOAT_Audit\EOAT_Audit_Database\EOAT_Master_Tracker.xlsx,EOAT Inventory,,P4-EOAT-0024,EOAT,P4-EOAT-0024,current_location,,[],"[50, 67]",Return Unknown / Not Verified until authoritative evidence exists.,"[""DEFER"", ""SUPPLY_VERIFIED_VALUE"", ""MARK_NOT_APPLICABLE"", ""REJECT_WITH_REASON""]",DEFERRED,,,,
57fe36c8-08b6-547a-8807-edf7e6454bee,WARNING,INSTALLATION_DATE_UNKNOWN,C:\Users\kgray\AppData\Local\EOAT Atlas Staging\rehearsals\4f26cee2-7849-48ba-b437-f8a2a5bb485e\frozen_source\01_EOAT_Audit\EOAT_Audit_Database\EOAT_Master_Tracker.xlsx,EOAT Inventory,,P4-EOAT-0025,EOATInstallation,P4-EOAT-0025,installed_at,,[],[51],Do not fabricate installation history.,"[""DEFER"", ""SUPPLY_VERIFIED_VALUE"", ""MARK_NOT_APPLICABLE"", ""REJECT_WITH_REASON""]",DEFERRED,,,,
3772b4e1-facb-5e0c-8d2b-7663f5bdbe66,WARNING,CURRENT_LOCATION_UNKNOWN,C:\Users\kgray\AppData\Local\EOAT Atlas Staging\rehearsals\4f26cee2-7849-48ba-b437-f8a2a5bb485e\frozen_source\01_EOAT_Audit\EOAT_Audit_Database\EOAT_Master_Tracker.xlsx,EOAT Inventory,,P4-EOAT-0025,EOAT,P4-EOAT-0025,current_location,,[],[51],Return Unknown / Not Verified until authoritative evidence exists.,"[""DEFER"", ""SUPPLY_VERIFIED_VALUE"", ""MARK_NOT_APPLICABLE"", ""REJECT_WITH_REASON""]",DEFERRED,,,,
31cb1c0a-415a-53a9-85ad-fd1b6ea69997,WARNING,INSTALLATION_DATE_UNKNOWN,C:\Users\kgray\AppData\Local\EOAT Atlas Staging\rehearsals\4f26cee2-7849-48ba-b437-f8a2a5bb485e\frozen_source\01_EOAT_Audit\EOAT_Audit_Database\EOAT_Master_Tracker.xlsx,EOAT Inventory,,P4-EOAT-0026,EOATInstallation,P4-EOAT-0026,installed_at,,[],[52],Do not fabricate installation history.,"[""DEFER"", ""SUPPLY_VERIFIED_VALUE"", ""MARK_NOT_APPLICABLE"", ""REJECT_WITH_REASON""]",DEFERRED,,,,
8d155b15-296f-568e-bc14-f8548ff5d0a6,WARNING,CURRENT_LOCATION_UNKNOWN,C:\Users\kgray\AppData\Local\EOAT Atlas Staging\rehearsals\4f26cee2-7849-48ba-b437-f8a2a5bb485e\frozen_source\01_EOAT_Audit\EOAT_Audit_Database\EOAT_Master_Tracker.xlsx,EOAT Inventory,,P4-EOAT-0026,EOAT,P4-EOAT-0026,current_location,,[],[52],Return Unknown / Not Verified until authoritative evidence exists.,"[""DEFER"", ""SUPPLY_VERIFIED_VALUE"", ""MARK_NOT_APPLICABLE"", ""REJECT_WITH_REASON""]",DEFERRED,,,,
1f247b90-cba6-5790-91b6-a7aa0d104f04,WARNING,INSTALLATION_DATE_UNKNOWN,C:\Users\kgray\AppData\Local\EOAT Atlas Staging\rehearsals\4f26cee2-7849-48ba-b437-f8a2a5bb485e\frozen_source\01_EOAT_Audit\EOAT_Audit_Database\EOAT_Master_Tracker.xlsx,EOAT Inventory,,P4-EOAT-0027,EOATInstallation,P4-EOAT-0027,installed_at,,[],"[53, 69]",Do not fabricate installation history.,"[""DEFER"", ""SUPPLY_VERIFIED_VALUE"", ""MARK_NOT_APPLICABLE"", ""REJECT_WITH_REASON""]",DEFERRED,,,,
b78c0d6f-3d04-5482-b0ec-6a596006d449,WARNING,CURRENT_LOCATION_UNKNOWN,C:\Users\kgray\AppData\Local\EOAT Atlas Staging\rehearsals\4f26cee2-7849-48ba-b437-f8a2a5bb485e\frozen_source\01_EOAT_Audit\EOAT_Audit_Database\EOAT_Master_Tracker.xlsx,EOAT Inventory,,P4-EOAT-0027,EOAT,P4-EOAT-0027,current_location,,[],"[53, 69]",Return Unknown / Not Verified until authoritative evidence exists.,"[""DEFER"", ""SUPPLY_VERIFIED_VALUE"", ""MARK_NOT_APPLICABLE"", ""REJECT_WITH_REASON""]",DEFERRED,,,,
81d1d1d0-7210-5b58-bfb1-5dd90f51de21,WARNING,INSTALLATION_DATE_UNKNOWN,C:\Users\kgray\AppData\Local\EOAT Atlas Staging\rehearsals\4f26cee2-7849-48ba-b437-f8a2a5bb485e\frozen_source\01_EOAT_Audit\EOAT_Audit_Database\EOAT_Master_Tracker.xlsx,EOAT Inventory,,P4-EOAT-0028,EOATInstallation,P4-EOAT-0028,installed_at,,[],[54],Do not fabricate installation history.,"[""DEFER"", ""SUPPLY_VERIFIED_VALUE"", ""MARK_NOT_APPLICABLE"", ""REJECT_WITH_REASON""]",DEFERRED,,,,
b776af7b-e600-5e4f-894d-bdc050dbba3c,WARNING,CURRENT_LOCATION_UNKNOWN,C:\Users\kgray\AppData\Local\EOAT Atlas Staging\rehearsals\4f26cee2-7849-48ba-b437-f8a2a5bb485e\frozen_source\01_EOAT_Audit\EOAT_Audit_Database\EOAT_Master_Tracker.xlsx,EOAT Inventory,,P4-EOAT-0028,EOAT,P4-EOAT-0028,current_location,,[],[54],Return Unknown / Not Verified until authoritative evidence exists.,"[""DEFER"", ""SUPPLY_VERIFIED_VALUE"", ""MARK_NOT_APPLICABLE"", ""REJECT_WITH_REASON""]",DEFERRED,,,,
4da81d62-99a1-50d1-bde9-e7063fafbdb5,WARNING,INSTALLATION_DATE_UNKNOWN,C:\Users\kgray\AppData\Local\EOAT Atlas Staging\rehearsals\4f26cee2-7849-48ba-b437-f8a2a5bb485e\frozen_source\01_EOAT_Audit\EOAT_Audit_Database\EOAT_Master_Tracker.xlsx,EOAT Inventory,,P4-EOAT-0029,EOATInstallation,P4-EOAT-0029,installed_at,,[],[55],Do not fabricate installation history.,"[""DEFER"", ""SUPPLY_VERIFIED_VALUE"", ""MARK_NOT_APPLICABLE"", ""REJECT_WITH_REASON""]",DEFERRED,,,,
096947af-0fbd-5124-829c-caf995f07bb7,WARNING,CURRENT_LOCATION_UNKNOWN,C:\Users\kgray\AppData\Local\EOAT Atlas Staging\rehearsals\4f26cee2-7849-48ba-b437-f8a2a5bb485e\frozen_source\01_EOAT_Audit\EOAT_Audit_Database\EOAT_Master_Tracker.xlsx,EOAT Inventory,,P4-EOAT-0029,EOAT,P4-EOAT-0029,current_location,,[],[55],Return Unknown / Not Verified until authoritative evidence exists.,"[""DEFER"", ""SUPPLY_VERIFIED_VALUE"", ""MARK_NOT_APPLICABLE"", ""REJECT_WITH_REASON""]",DEFERRED,,,,
7b57c855-c446-5dcb-a615-f041c0e8947f,WARNING,INSTALLATION_DATE_UNKNOWN,C:\Users\kgray\AppData\Local\EOAT Atlas Staging\rehearsals\4f26cee2-7849-48ba-b437-f8a2a5bb485e\frozen_source\01_EOAT_Audit\EOAT_Audit_Database\EOAT_Master_Tracker.xlsx,EOAT Inventory,,P4-EOAT-0030,EOATInstallation,P4-EOAT-0030,installed_at,,[],[56],Do not fabricate installation history.,"[""DEFER"", ""SUPPLY_VERIFIED_VALUE"", ""MARK_NOT_APPLICABLE"", ""REJECT_WITH_REASON""]",DEFERRED,,,,
45f2bfb7-83f0-5176-89ae-a9e923eb393f,WARNING,CURRENT_LOCATION_UNKNOWN,C:\Users\kgray\AppData\Local\EOAT Atlas Staging\rehearsals\4f26cee2-7849-48ba-b437-f8a2a5bb485e\frozen_source\01_EOAT_Audit\EOAT_Audit_Database\EOAT_Master_Tracker.xlsx,EOAT Inventory,,P4-EOAT-0030,EOAT,P4-EOAT-0030,current_location,,[],[56],Return Unknown / Not Verified until authoritative evidence exists.,"[""DEFER"", ""SUPPLY_VERIFIED_VALUE"", ""MARK_NOT_APPLICABLE"", ""REJECT_WITH_REASON""]",DEFERRED,,,,
424f202e-8b9b-5c08-9a6a-f96f1c9b2a4d,WARNING,INSTALLATION_DATE_UNKNOWN,C:\Users\kgray\AppData\Local\EOAT Atlas Staging\rehearsals\4f26cee2-7849-48ba-b437-f8a2a5bb485e\frozen_source\01_EOAT_Audit\EOAT_Audit_Database\EOAT_Master_Tracker.xlsx,EOAT Inventory,,P4-EOAT-0031,EOATInstallation,P4-EOAT-0031,installed_at,,[],[57],Do not fabricate installation history.,"[""DEFER"", ""SUPPLY_VERIFIED_VALUE"", ""MARK_NOT_APPLICABLE"", ""REJECT_WITH_REASON""]",DEFERRED,,,,
0cd14e24-f0b4-5ba1-b2f3-4208eb20b4be,WARNING,CURRENT_LOCATION_UNKNOWN,C:\Users\kgray\AppData\Local\EOAT Atlas Staging\rehearsals\4f26cee2-7849-48ba-b437-f8a2a5bb485e\frozen_source\01_EOAT_Audit\EOAT_Audit_Database\EOAT_Master_Tracker.xlsx,EOAT Inventory,,P4-EOAT-0031,EOAT,P4-EOAT-0031,current_location,,[],[57],Return Unknown / Not Verified until authoritative evidence exists.,"[""DEFER"", ""SUPPLY_VERIFIED_VALUE"", ""MARK_NOT_APPLICABLE"", ""REJECT_WITH_REASON""]",DEFERRED,,,,
ccd3df3a-91be-5282-9afe-7d1726b9372e,WARNING,INSTALLATION_DATE_UNKNOWN,C:\Users\kgray\AppData\Local\EOAT Atlas Staging\rehearsals\4f26cee2-7849-48ba-b437-f8a2a5bb485e\frozen_source\01_EOAT_Audit\EOAT_Audit_Database\EOAT_Master_Tracker.xlsx,EOAT Inventory,,P4-EOAT-0032,EOATInstallation,P4-EOAT-0032,installed_at,,[],[58],Do not fabricate installation history.,"[""DEFER"", ""SUPPLY_VERIFIED_VALUE"", ""MARK_NOT_APPLICABLE"", ""REJECT_WITH_REASON""]",DEFERRED,,,,
75785441-4009-5a68-8124-53f2626328e7,WARNING,CURRENT_LOCATION_UNKNOWN,C:\Users\kgray\AppData\Local\EOAT Atlas Staging\rehearsals\4f26cee2-7849-48ba-b437-f8a2a5bb485e\frozen_source\01_EOAT_Audit\EOAT_Audit_Database\EOAT_Master_Tracker.xlsx,EOAT Inventory,,P4-EOAT-0032,EOAT,P4-EOAT-0032,current_location,,[],[58],Return Unknown / Not Verified until authoritative evidence exists.,"[""DEFER"", ""SUPPLY_VERIFIED_VALUE"", ""MARK_NOT_APPLICABLE"", ""REJECT_WITH_REASON""]",DEFERRED,,,,
cbc93906-a7d7-57ac-9fc7-36b36897032a,WARNING,INSTALLATION_DATE_UNKNOWN,C:\Users\kgray\AppData\Local\EOAT Atlas Staging\rehearsals\4f26cee2-7849-48ba-b437-f8a2a5bb485e\frozen_source\01_EOAT_Audit\EOAT_Audit_Database\EOAT_Master_Tracker.xlsx,EOAT Inventory,,P4-EOAT-0033,EOATInstallation,P4-EOAT-0033,installed_at,,[],[59],Do not fabricate installation history.,"[""DEFER"", ""SUPPLY_VERIFIED_VALUE"", ""MARK_NOT_APPLICABLE"", ""REJECT_WITH_REASON""]",DEFERRED,,,,
19fe0a60-26b4-56a3-8ed0-61df3b613687,WARNING,CURRENT_LOCATION_UNKNOWN,C:\Users\kgray\AppData\Local\EOAT Atlas Staging\rehearsals\4f26cee2-7849-48ba-b437-f8a2a5bb485e\frozen_source\01_EOAT_Audit\EOAT_Audit_Database\EOAT_Master_Tracker.xlsx,EOAT Inventory,,P4-EOAT-0033,EOAT,P4-EOAT-0033,current_location,,[],[59],Return Unknown / Not Verified until authoritative evidence exists.,"[""DEFER"", ""SUPPLY_VERIFIED_VALUE"", ""MARK_NOT_APPLICABLE"", ""REJECT_WITH_REASON""]",DEFERRED,,,,
9e7db765-3ba2-517e-b9b8-aecc14c2e550,WARNING,INSTALLATION_DATE_UNKNOWN,C:\Users\kgray\AppData\Local\EOAT Atlas Staging\rehearsals\4f26cee2-7849-48ba-b437-f8a2a5bb485e\frozen_source\01_EOAT_Audit\EOAT_Audit_Database\EOAT_Master_Tracker.xlsx,EOAT Inventory,,P4-EOAT-0034,EOATInstallation,P4-EOAT-0034,installed_at,,[],[60],Do not fabricate installation history.,"[""DEFER"", ""SUPPLY_VERIFIED_VALUE"", ""MARK_NOT_APPLICABLE"", ""REJECT_WITH_REASON""]",DEFERRED,,,,
767828fe-6fd3-5793-80cf-7c52f4f678dc,WARNING,CURRENT_LOCATION_UNKNOWN,C:\Users\kgray\AppData\Local\EOAT Atlas Staging\rehearsals\4f26cee2-7849-48ba-b437-f8a2a5bb485e\frozen_source\01_EOAT_Audit\EOAT_Audit_Database\EOAT_Master_Tracker.xlsx,EOAT Inventory,,P4-EOAT-0034,EOAT,P4-EOAT-0034,current_location,,[],[60],Return Unknown / Not Verified until authoritative evidence exists.,"[""DEFER"", ""SUPPLY_VERIFIED_VALUE"", ""MARK_NOT_APPLICABLE"", ""REJECT_WITH_REASON""]",DEFERRED,,,,
1ad8b666-9c1e-525f-bb0c-7c2008547af2,WARNING,INSTALLATION_DATE_UNKNOWN,C:\Users\kgray\AppData\Local\EOAT Atlas Staging\rehearsals\4f26cee2-7849-48ba-b437-f8a2a5bb485e\frozen_source\01_EOAT_Audit\EOAT_Audit_Database\EOAT_Master_Tracker.xlsx,EOAT Inventory,,P4-EOAT-0035,EOATInstallation,P4-EOAT-0035,installed_at,,[],[61],Do not fabricate installation history.,"[""DEFER"", ""SUPPLY_VERIFIED_VALUE"", ""MARK_NOT_APPLICABLE"", ""REJECT_WITH_REASON""]",DEFERRED,,,,
659b8a2a-5f7e-5ae2-8453-7992dad4e11c,WARNING,CURRENT_LOCATION_UNKNOWN,C:\Users\kgray\AppData\Local\EOAT Atlas Staging\rehearsals\4f26cee2-7849-48ba-b437-f8a2a5bb485e\frozen_source\01_EOAT_Audit\EOAT_Audit_Database\EOAT_Master_Tracker.xlsx,EOAT Inventory,,P4-EOAT-0035,EOAT,P4-EOAT-0035,current_location,,[],[61],Return Unknown / Not Verified until authoritative evidence exists.,"[""DEFER"", ""SUPPLY_VERIFIED_VALUE"", ""MARK_NOT_APPLICABLE"", ""REJECT_WITH_REASON""]",DEFERRED,,,,
4bb8c6b5-6e5c-576b-96c7-2c60989ecdc7,WARNING,INSTALLATION_DATE_UNKNOWN,C:\Users\kgray\AppData\Local\EOAT Atlas Staging\rehearsals\4f26cee2-7849-48ba-b437-f8a2a5bb485e\frozen_source\01_EOAT_Audit\EOAT_Audit_Database\EOAT_Master_Tracker.xlsx,EOAT Inventory,,P4-EOAT-0036,EOATInstallation,P4-EOAT-0036,installed_at,,[],[62],Do not fabricate installation history.,"[""DEFER"", ""SUPPLY_VERIFIED_VALUE"", ""MARK_NOT_APPLICABLE"", ""REJECT_WITH_REASON""]",DEFERRED,,,,
153c5c34-8ed7-5de9-a890-33f85d8199f0,WARNING,CURRENT_LOCATION_UNKNOWN,C:\Users\kgray\AppData\Local\EOAT Atlas Staging\rehearsals\4f26cee2-7849-48ba-b437-f8a2a5bb485e\frozen_source\01_EOAT_Audit\EOAT_Audit_Database\EOAT_Master_Tracker.xlsx,EOAT Inventory,,P4-EOAT-0036,EOAT,P4-EOAT-0036,current_location,,[],[62],Return Unknown / Not Verified until authoritative evidence exists.,"[""DEFER"", ""SUPPLY_VERIFIED_VALUE"", ""MARK_NOT_APPLICABLE"", ""REJECT_WITH_REASON""]",DEFERRED,,,,
61acbacb-a0f5-5705-a064-dd676270f900,WARNING,INSTALLATION_DATE_UNKNOWN,C:\Users\kgray\AppData\Local\EOAT Atlas Staging\rehearsals\4f26cee2-7849-48ba-b437-f8a2a5bb485e\frozen_source\01_EOAT_Audit\EOAT_Audit_Database\EOAT_Master_Tracker.xlsx,EOAT Inventory,,P4-EOAT-0037,EOATInstallation,P4-EOAT-0037,installed_at,,[],[63],Do not fabricate installation history.,"[""DEFER"", ""SUPPLY_VERIFIED_VALUE"", ""MARK_NOT_APPLICABLE"", ""REJECT_WITH_REASON""]",DEFERRED,,,,
1cc07595-f89b-5d73-88de-b775e56512f9,WARNING,CURRENT_LOCATION_UNKNOWN,C:\Users\kgray\AppData\Local\EOAT Atlas Staging\rehearsals\4f26cee2-7849-48ba-b437-f8a2a5bb485e\frozen_source\01_EOAT_Audit\EOAT_Audit_Database\EOAT_Master_Tracker.xlsx,EOAT Inventory,,P4-EOAT-0037,EOAT,P4-EOAT-0037,current_location,,[],[63],Return Unknown / Not Verified until authoritative evidence exists.,"[""DEFER"", ""SUPPLY_VERIFIED_VALUE"", ""MARK_NOT_APPLICABLE"", ""REJECT_WITH_REASON""]",DEFERRED,,,,
9ea593ac-4d56-5af4-9e3a-f626221c8dc9,WARNING,INSTALLATION_DATE_UNKNOWN,C:\Users\kgray\AppData\Local\EOAT Atlas Staging\rehearsals\4f26cee2-7849-48ba-b437-f8a2a5bb485e\frozen_source\01_EOAT_Audit\EOAT_Audit_Database\EOAT_Master_Tracker.xlsx,EOAT Inventory,,P4-EOAT-0038,EOATInstallation,P4-EOAT-0038,installed_at,,[],"[64, 72, 73]",Do not fabricate installation history.,"[""DEFER"", ""SUPPLY_VERIFIED_VALUE"", ""MARK_NOT_APPLICABLE"", ""REJECT_WITH_REASON""]",DEFERRED,,,,
7491c69f-fd2d-576a-844d-ef323fe4b993,WARNING,CURRENT_LOCATION_UNKNOWN,C:\Users\kgray\AppData\Local\EOAT Atlas Staging\rehearsals\4f26cee2-7849-48ba-b437-f8a2a5bb485e\frozen_source\01_EOAT_Audit\EOAT_Audit_Database\EOAT_Master_Tracker.xlsx,EOAT Inventory,,P4-EOAT-0038,EOAT,P4-EOAT-0038,current_location,,[],"[64, 72, 73]",Return Unknown / Not Verified until authoritative evidence exists.,"[""DEFER"", ""SUPPLY_VERIFIED_VALUE"", ""MARK_NOT_APPLICABLE"", ""REJECT_WITH_REASON""]",DEFERRED,,,,
a8d49ee8-cddf-5426-ad92-49dbbda4b2f2,WARNING,INSTALLATION_DATE_UNKNOWN,C:\Users\kgray\AppData\Local\EOAT Atlas Staging\rehearsals\4f26cee2-7849-48ba-b437-f8a2a5bb485e\frozen_source\01_EOAT_Audit\EOAT_Audit_Database\EOAT_Master_Tracker.xlsx,EOAT Inventory,,P4-EOAT-0039,EOATInstallation,P4-EOAT-0039,installed_at,,[],[65],Do not fabricate installation history.,"[""DEFER"", ""SUPPLY_VERIFIED_VALUE"", ""MARK_NOT_APPLICABLE"", ""REJECT_WITH_REASON""]",DEFERRED,,,,
fcad5739-b4f8-502e-b154-49db28b09ef8,WARNING,CURRENT_LOCATION_UNKNOWN,C:\Users\kgray\AppData\Local\EOAT Atlas Staging\rehearsals\4f26cee2-7849-48ba-b437-f8a2a5bb485e\frozen_source\01_EOAT_Audit\EOAT_Audit_Database\EOAT_Master_Tracker.xlsx,EOAT Inventory,,P4-EOAT-0039,EOAT,P4-EOAT-0039,current_location,,[],[65],Return Unknown / Not Verified until authoritative evidence exists.,"[""DEFER"", ""SUPPLY_VERIFIED_VALUE"", ""MARK_NOT_APPLICABLE"", ""REJECT_WITH_REASON""]",DEFERRED,,,,
6c4c6110-f081-5d4d-956b-7b6df2021e48,WARNING,INSTALLATION_DATE_UNKNOWN,C:\Users\kgray\AppData\Local\EOAT Atlas Staging\rehearsals\4f26cee2-7849-48ba-b437-f8a2a5bb485e\frozen_source\01_EOAT_Audit\EOAT_Audit_Database\EOAT_Master_Tracker.xlsx,EOAT Inventory,,P4-EOAT-0040,EOATInstallation,P4-EOAT-0040,installed_at,,[],[66],Do not fabricate installation history.,"[""DEFER"", ""SUPPLY_VERIFIED_VALUE"", ""MARK_NOT_APPLICABLE"", ""REJECT_WITH_REASON""]",DEFERRED,,,,
b5108dd1-a4fd-59a0-94c4-ac4fb1646793,WARNING,CURRENT_LOCATION_UNKNOWN,C:\Users\kgray\AppData\Local\EOAT Atlas Staging\rehearsals\4f26cee2-7849-48ba-b437-f8a2a5bb485e\frozen_source\01_EOAT_Audit\EOAT_Audit_Database\EOAT_Master_Tracker.xlsx,EOAT Inventory,,P4-EOAT-0040,EOAT,P4-EOAT-0040,current_location,,[],[66],Return Unknown / Not Verified until authoritative evidence exists.,"[""DEFER"", ""SUPPLY_VERIFIED_VALUE"", ""MARK_NOT_APPLICABLE"", ""REJECT_WITH_REASON""]",DEFERRED,,,,
ae851cc8-a1f3-55b5-a73d-57609a7a9fb3,WARNING,INSTALLATION_DATE_UNKNOWN,C:\Users\kgray\AppData\Local\EOAT Atlas Staging\rehearsals\4f26cee2-7849-48ba-b437-f8a2a5bb485e\frozen_source\01_EOAT_Audit\EOAT_Audit_Database\EOAT_Master_Tracker.xlsx,EOAT Inventory,,P4-EOAT-0041,EOATInstallation,P4-EOAT-0041,installed_at,,[],[68],Do not fabricate installation history.,"[""DEFER"", ""SUPPLY_VERIFIED_VALUE"", ""MARK_NOT_APPLICABLE"", ""REJECT_WITH_REASON""]",DEFERRED,,,,
3c04635b-913a-5f4a-b529-29d08c47ff5c,WARNING,CURRENT_LOCATION_UNKNOWN,C:\Users\kgray\AppData\Local\EOAT Atlas Staging\rehearsals\4f26cee2-7849-48ba-b437-f8a2a5bb485e\frozen_source\01_EOAT_Audit\EOAT_Audit_Database\EOAT_Master_Tracker.xlsx,EOAT Inventory,,P4-EOAT-0041,EOAT,P4-EOAT-0041,current_location,,[],[68],Return Unknown / Not Verified until authoritative evidence exists.,"[""DEFER"", ""SUPPLY_VERIFIED_VALUE"", ""MARK_NOT_APPLICABLE"", ""REJECT_WITH_REASON""]",DEFERRED,,,,
b20fa3a8-8063-54c4-b96c-fd75a1529a39,WARNING,INSTALLATION_DATE_UNKNOWN,C:\Users\kgray\AppData\Local\EOAT Atlas Staging\rehearsals\4f26cee2-7849-48ba-b437-f8a2a5bb485e\frozen_source\01_EOAT_Audit\EOAT_Audit_Database\EOAT_Master_Tracker.xlsx,EOAT Inventory,,P4-EOAT-0042,EOATInstallation,P4-EOAT-0042,installed_at,,[],[71],Do not fabricate installation history.,"[""DEFER"", ""SUPPLY_VERIFIED_VALUE"", ""MARK_NOT_APPLICABLE"", ""REJECT_WITH_REASON""]",DEFERRED,,,,
97ea43ef-edfa-5c22-9b2b-83b4ac85a2ca,WARNING,CURRENT_LOCATION_UNKNOWN,C:\Users\kgray\AppData\Local\EOAT Atlas Staging\rehearsals\4f26cee2-7849-48ba-b437-f8a2a5bb485e\frozen_source\01_EOAT_Audit\EOAT_Audit_Database\EOAT_Master_Tracker.xlsx,EOAT Inventory,,P4-EOAT-0042,EOAT,P4-EOAT-0042,current_location,,[],[71],Return Unknown / Not Verified until authoritative evidence exists.,"[""DEFER"", ""SUPPLY_VERIFIED_VALUE"", ""MARK_NOT_APPLICABLE"", ""REJECT_WITH_REASON""]",DEFERRED,,,,
3f5974f6-9480-5aec-8e7c-eb8482e3d70a,WARNING,INSTALLATION_DATE_UNKNOWN,C:\Users\kgray\AppData\Local\EOAT Atlas Staging\rehearsals\4f26cee2-7849-48ba-b437-f8a2a5bb485e\frozen_source\01_EOAT_Audit\EOAT_Audit_Database\EOAT_Master_Tracker.xlsx,EOAT Inventory,,P4-EOAT-0057,EOATInstallation,P4-EOAT-0057,installed_at,,[],"[94, 95, 96, 97, 99]",Do not fabricate installation history.,"[""DEFER"", ""SUPPLY_VERIFIED_VALUE"", ""MARK_NOT_APPLICABLE"", ""REJECT_WITH_REASON""]",DEFERRED,,,,
5d1e057c-926f-5b09-a66b-0ab47807354e,WARNING,CURRENT_LOCATION_UNKNOWN,C:\Users\kgray\AppData\Local\EOAT Atlas Staging\rehearsals\4f26cee2-7849-48ba-b437-f8a2a5bb485e\frozen_source\01_EOAT_Audit\EOAT_Audit_Database\EOAT_Master_Tracker.xlsx,EOAT Inventory,,P4-EOAT-0057,EOAT,P4-EOAT-0057,current_location,,[],"[94, 95, 96, 97, 99]",Return Unknown / Not Verified until authoritative evidence exists.,"[""DEFER"", ""SUPPLY_VERIFIED_VALUE"", ""MARK_NOT_APPLICABLE"", ""REJECT_WITH_REASON""]",DEFERRED,,,,
bb2264fb-bde7-5aa7-a6ca-d0e0bdf3f721,WARNING,INSTALLATION_DATE_UNKNOWN,C:\Users\kgray\AppData\Local\EOAT Atlas Staging\rehearsals\4f26cee2-7849-48ba-b437-f8a2a5bb485e\frozen_source\01_EOAT_Audit\EOAT_Audit_Database\EOAT_Master_Tracker.xlsx,EOAT Inventory,,P4-EOAT-0058,EOATInstallation,P4-EOAT-0058,installed_at,,[],[98],Do not fabricate installation history.,"[""DEFER"", ""SUPPLY_VERIFIED_VALUE"", ""MARK_NOT_APPLICABLE"", ""REJECT_WITH_REASON""]",DEFERRED,,,,
0798eaeb-49ea-50f8-896d-30763379cfa3,WARNING,CURRENT_LOCATION_UNKNOWN,C:\Users\kgray\AppData\Local\EOAT Atlas Staging\rehearsals\4f26cee2-7849-48ba-b437-f8a2a5bb485e\frozen_source\01_EOAT_Audit\EOAT_Audit_Database\EOAT_Master_Tracker.xlsx,EOAT Inventory,,P4-EOAT-0058,EOAT,P4-EOAT-0058,current_location,,[],[98],Return Unknown / Not Verified until authoritative evidence exists.,"[""DEFER"", ""SUPPLY_VERIFIED_VALUE"", ""MARK_NOT_APPLICABLE"", ""REJECT_WITH_REASON""]",DEFERRED,,,,
15730667-6a10-5d8e-84e5-fb76d7b41c15,WARNING,PLACEHOLDER_PHOTO_ROW,C:\Users\kgray\AppData\Local\EOAT Atlas Staging\rehearsals\4f26cee2-7849-48ba-b437-f8a2a5bb485e\frozen_source\01_EOAT_Audit\EOAT_Audit_Database\EOAT_Master_Tracker.xlsx,Photo Index,2,,Photo,,Stored Relative Path,,[],[],Preserve the import row but do not create document/photo records.,"[""DEFER"", ""SUPPLY_VERIFIED_VALUE"", ""MARK_NOT_APPLICABLE"", ""REJECT_WITH_REASON""]",DEFERRED,,,,
